date,nifty_w1_pcr,nifty_w2_pcr,nifty_pcr_delta,nifty_w1_net_delta,nifty_w2_net_delta,nifty_delta_delta,nifty_w1_iv_skew,nifty_w2_iv_skew,nifty_w1_oi_call,nifty_w1_oi_put,nifty_w2_oi_call,nifty_w2_oi_put,nifty_w2_oi_change_call,nifty_w2_oi_change_put,nifty_spot_move_w1,nifty_spot_move_w2,nifty_w2_spot_close,nifty_w2_max_pain,nifty_spot_vs_maxpain,bnf_w1_pcr,bnf_w2_pcr,bnf_pcr_delta,bnf_w1_net_delta,bnf_w2_net_delta,bnf_delta_delta,bnf_w1_iv_skew,bnf_w2_iv_skew,bnf_w1_oi_call,bnf_w1_oi_put,bnf_w2_oi_call,bnf_w2_oi_put,bnf_w2_oi_change_call,bnf_w2_oi_change_put,bnf_spot_move_w1,bnf_spot_move_w2,bnf_w2_spot_close,bnf_w2_max_pain,bnf_spot_vs_maxpain,pcr_agreement,delta_agreement,days_to_expiry,is_expiry_eve,day_of_week,btst_signal_fired,btst_direction,btst_confidence,vix_regime,nifty_5day_momentum,prev_day_gap_pts,prev_5day_ml_accuracy
2023-01-02,0.8074091777071586,0.7950851592924506,-0.0123240184147079,480820.9951182329,2853698.333675567,2372877.338557334,0.7411989999999999,0.1607690000000001,63391650.0,51183000.0,63939000.0,50836950.0,612400.0,-284300.0,0.0846111250730636,0.2002103994761436,18193.0508,18200.0,-0.0003819700212126,0.7593776716384165,0.756529474385211,-0.0028481972532055,1093634.4249915765,2649034.332548151,1555399.9075565743,0.58108,-0.408099,28306600.0,21495400.0,25715125.0,19454250.0,-2499275.0,-2028525.0,-0.0467225526684944,0.2229469320432171,43199.4492,43100.0,0.0023020941665155,1,1,1,1,0,0,-1,0.0,0,0.0,0.0,0.5
2023-01-03,0.8344443077473689,0.8594075440424808,0.0249632362951118,6747347.705540771,5470588.041336764,-1276759.664204007,-1.094614,-2.221064,71528800.0,59686800.0,68416900.0,58798000.0,-2353650.0,-938400.0,0.3565724347598855,0.014253716192071,18240.6504,18200.0,0.0022285608850876,0.9572107007029268,0.9348325691079524,-0.0223781315949743,2860435.3163583926,2618106.2355756154,-242329.0807827772,-0.1710640000000012,-0.8988559999999985,26642175.0,25502175.0,24987175.0,23358825.0,-1510425.0,-2105300.0,0.3227598276198769,-0.0128863537234319,43432.6016,43300.0,0.0030530429933997,1,1,0,0,1,0,0,0.0,0,0.0,-19.8,1.0
2023-01-05,0.6834229836162394,0.6152420161255833,-0.0681809674906561,7232262.0050553745,5707510.381954455,-1524751.6231009196,-8.298371000000003,5.530671999999999,107008400.0,73132000.0,98204200.0,60419350.0,-7808000.0,-12947650.0,-0.6689190836266296,0.2446199645206666,17989.4492,18000.0,-0.0005864993353993,0.7894101776632556,0.7058487370188812,-0.0835614406443744,2506998.867002811,3333199.997485871,826201.1304830601,-9.148368999999995,-1.8820870000000005,57950925.0,45747050.0,48515175.0,34244375.0,-9954850.0,-11869100.0,-1.3422869231929342,0.3196862599636169,42615.1992,42600.0,0.0003566614795972,1,1,5,0,3,1,-1,0.8154,0,0.0,13.55,1.0
2023-01-10,0.6783185022776046,0.657677678273638,-0.0206408240039666,-5782997.907329596,1822018.4974500453,7605016.404779641,-0.5319110000000009,-0.2179389999999994,81686700.0,55409600.0,82302550.0,54128550.0,569450.0,-1202750.0,-1.1379155598305803,0.3561356795878733,17921.8496,17950.0,-0.0015707307352918,0.7111202243623664,0.6530082690037646,-0.0581119553586018,-1871356.1858729704,1107551.9647285345,2978908.1506015053,-1.1582760000000007,-4.585676999999997,30236800.0,21502000.0,33123700.0,21630050.0,1232600.0,735825.0,-1.4913760046636213,0.4776009879043569,42043.8984,42100.0,-0.0013343577102736,1,1,0,0,1,0,0,0.0,0,-0.0177883871986068,-42.65,1.0
2023-01-11,0.6775374081694396,0.6834365582135828,0.0058991500441432,4031243.255659674,1914934.24058768,-2116309.015071994,-0.3558899999999987,-0.0113109999999991,99490300.0,67408400.0,93339900.0,63791900.0,-5895000.0,-3579950.0,0.1554072334954491,-0.1392614690452969,17891.8496,17900.0,-0.0004555370284354,0.8037887178650961,0.8699757316891819,0.0661870138240857,2267062.1264475,1200415.5988665172,-1066646.5275809823,-0.052941999999998,-1.3572759999999988,36182425.0,29083025.0,32109775.0,27934725.0,-3875275.0,-1107075.0,0.6027401535936752,0.0284114792490652,42248.4492,42200.0,0.001146768719738,1,1,6,0,2,0,0,0.0,0,-0.0089985106961775,-32.85,1.0
2023-01-17,0.8632542524307082,0.9571477931920528,0.0938935407613444,5790355.795189658,8696965.020746993,2906609.2255573347,0.302385000000001,1.1745419999999989,71635500.0,61839650.0,61645600.0,59003950.0,-9896500.0,-3107800.0,0.551995252253515,0.3408756067403186,18059.0,18000.0,0.0032670690514424,0.6191446769012289,0.6321853310411942,0.0130406541399653,1919978.6803166247,4229882.221252293,2309903.540935668,-0.708399,-0.8995909999999974,35067450.0,21711825.0,31906150.0,20170600.0,-3193225.0,-1665250.0,-0.0501100675603514,0.3922641004058679,42254.5,42100.0,0.0036564152930457,1,1,0,0,1,0,0,0.0,0,0.0075945733429314,4.0,1.0
2023-01-30,0.8245907916777969,0.6867149042456521,-0.1378758874321448,-448546.7605953545,2290744.066407701,2739290.827003056,-3.968563,-0.0462679999999977,37997150.0,31332100.0,41157400.0,28263400.0,3113350.0,-3120650.0,0.5511984881962662,0.5570092860092446,17656.0,17700.0,-0.0024920706841866,0.984859114280386,0.7555261976852232,-0.2293329165951628,205359.01458087665,555717.9373473286,350358.922766452,-5.791842000000003,-6.299464999999998,11260900.0,11090400.0,11865075.0,8964375.0,3146075.0,-1598425.0,0.7006957525708803,1.2752531536447325,40462.3516,40500.0,-0.0009304550652957,1,1,1,1,0,1,-1,0.494,0,-0.0211457634798369,-149.65,1.0
2023-02-01,1.0064278861528622,0.5947399551804861,-0.4116879309723761,-7498696.42440039,2553981.3085546265,10052677.732955016,-5.376633999999999,2.105477999999998,54722500.0,55074250.0,60018500.0,35695400.0,18615100.0,-14167000.0,-1.6357242915687324,0.790164823867031,17634.5996,17700.0,-0.0037086410513113,1.5400812599480609,0.8929803584878827,-0.647100901460178,-2276770.583592625,-221437.04057415263,2055333.543018472,-1.7735649999999978,-0.8742459999999994,11937000.0,18383950.0,14238975.0,12715125.0,4746250.0,-5921525.0,-1.7224288410181343,0.3770892298534196,40514.8516,40800.0,-0.0070381203124041,1,0,6,0,2,0,-1,0.0,0,-0.0277635790494499,102.3,1.0
2023-02-07,0.6010239727492681,0.7246231917339946,0.1235992189847264,6830371.254315195,1057558.8150999874,-5772812.439215208,0.1666019999999992,-2.109655,72453100.0,43546050.0,64664850.0,46857650.0,-6921100.0,3243200.0,-0.0813313561193173,-0.1906606215702163,17720.0,17700.0,0.0011286681715575,0.7099676951550908,0.7657847863034482,0.0558170911483573,2886110.4722003965,1225997.9377417867,-1660112.5344586098,0.7874119999999998,-0.6016900000000014,24462275.0,17367425.0,20828600.0,15950225.0,-3741525.0,225575.0,0.2050772257137464,-0.1114800810640183,41486.5,41500.0,-0.0003254070601279,1,1,0,0,1,0,0,0.0,0,0.0019751693002257,6.55,1.0
2023-02-09,0.9025492531005396,0.8425450397008927,-0.0600042133996467,8142714.505738408,4345570.577281547,-3797143.9284568615,-4.186152,14.235913,87545250.0,79013900.0,74595300.0,62849900.0,-12955250.0,-15545300.0,0.4002569395592353,-0.023745934193211,17893.5508,17900.0,-0.0003604203588255,0.8397621076873664,0.8628027632844335,0.0230406555970671,3803484.225333173,-3219511.976119943,-7022996.201453116,-6.273441999999996,14.571055,53473775.0,44905250.0,42529100.0,36694225.0,-11118200.0,-8229450.0,0.1861251274133094,0.0497325848924923,41547.5508,41500.0,0.0011444910490366,1,0,5,0,3,0,-1,0.0,1,0.0157990553780974,-44.75,1.0
2023-02-14,1.0637512131313558,1.1014924255510334,0.0377412124196776,4041242.122296886,1943910.4104349767,-2097331.7118619094,2.825778,2.1151300000000006,59247500.0,63024600.0,58760050.0,64723750.0,-561300.0,1891650.0,0.6174149928060951,-0.0980891727980912,17924.8496,17900.0,0.0013863212553817,1.1586876865016675,1.1224936282669826,-0.0361940582346849,1610761.9177463443,704615.378400357,-906146.5393459874,0.9840670000000032,1.216858000000002,22788000.0,26404175.0,21265800.0,23870725.0,-1617825.0,-2388500.0,0.7477245989200418,-0.1162360025670773,41633.3008,41500.0,0.0032017831264533,1,1,0,0,1,0,0,0.0,0,0.0114282465165008,67.3,1.0
2023-02-16,0.758836945293883,0.7844365519215257,0.0255996066276427,11141227.822973292,14537787.9276545,3396560.104681207,-7.767287,-10.537017,97777000.0,74196800.0,76866000.0,60296500.0,-20216050.0,-13388000.0,-0.1066893648002686,-0.206127382981955,18034.0996,18050.0,-0.0008816852713843,0.6323663501558302,0.6597954583115775,0.0274291081557472,8830665.561635947,9844002.473940946,1013336.9123049992,-15.832119,-13.416991,63225850.0,39981900.0,47975550.0,31654050.0,-14225200.0,-8478575.0,-0.3253401147346239,-0.220152839997121,41651.1016,41700.0,-0.0011740001613786,1,1,5,0,3,0,0,0.0,0,0.0077935024823751,75.55,1.0
2023-02-24,0.7106456569679429,0.7252059041253003,0.0145602471573573,-834104.0456086216,194176.14325556764,1028280.1888641892,1.6199650000000003,1.0205190000000002,61466850.0,43681150.0,56804350.0,41194850.0,-4662550.0,-2485100.0,-0.7166848533980179,0.1100043304623282,17474.1504,17500.0,-0.0014793051111658,0.7051037921469532,0.7181106081290312,0.0130068159820779,-78753.5641892766,671422.3857452143,750175.949934491,0.9079270000000008,0.341728999999999,22883475.0,16135225.0,20748475.0,14899700.0,-2134250.0,-1236000.0,-0.8320792772498448,0.1810772171267467,39944.25,40000.0,-0.001395695250255,1,1,4,0,4,0,0,0.0,0,-0.0272001092539526,77.65,1.0
2023-03-06,0.9371536255158768,0.859737214407915,-0.0774164111079619,2289336.853039784,2335496.715570868,46159.8625310841,2.2885980000000004,1.9346580000000009,69117750.0,64773950.0,67891850.0,58369150.0,-1175650.0,-5664900.0,0.0866993888957111,-0.071668906399927,17709.3496,17700.0,0.0005279471133147,0.8261317712064468,0.7675823947669889,-0.0585493764394579,-522890.8774422498,1391660.8152533516,1914551.692695601,0.6699770000000012,0.4230089999999986,33083100.0,27331000.0,30705075.0,23568675.0,-2301125.0,-3425325.0,-0.439195440702837,0.1589894147232637,41356.6992,41300.0,0.0013709798193953,1,1,1,1,0,0,0,0.0,0,0.0173269830304779,114.8,1.0
2023-03-09,0.7021947348970674,0.7706178108851754,0.068423075988108,6488713.442423003,14685914.715271745,8197201.27284874,-2.9857270000000007,-12.226895,115002500.0,80754150.0,93131250.0,71768600.0,-21456050.0,-8381550.0,-0.7805350002815868,-0.1816282935651752,17586.4004,17600.0,-0.0007733020794864,0.9060756066648528,0.8992188774738266,-0.0068567291910263,3415479.408841697,5480345.043084958,2064865.63424326,-2.263349999999999,-26.117065000000004,52745350.0,47791275.0,42134875.0,37888475.0,-10232450.0,-10164900.0,-0.4553783978830821,-0.3319122263647033,41243.3516,41300.0,-0.0013735159195936,1,1,5,0,3,0,0,0.0,1,0.0079209387271767,0.4,1.0
2023-03-10,0.7773771653122327,0.7719316229431643,-0.0054455423690683,-535780.9970273119,1904278.5972843831,2440059.594311695,2.7557910000000003,2.527607000000001,59852800.0,46528200.0,57068850.0,44053250.0,-2862900.0,-2699000.0,-0.1811723278511511,0.1533108020651985,17409.9004,17400.0,0.0005686649419314,0.9549194143532648,0.7899970819829646,-0.1649223323703003,-720142.2356311373,391326.7916903865,1111469.0273215238,1.2266200000000005,1.4038330000000006,21951800.0,20962200.0,22532425.0,17800550.0,632850.0,-3077575.0,-0.7781819966865,0.159427294626068,40489.8984,40500.0,-0.0002494844491879,1,1,4,0,4,0,0,0.0,0,0.0046238058892054,-171.6,1.0
2023-03-13,0.7670970616688664,0.7796756720913269,0.0125786104224605,-4714104.208257944,-4284672.153108372,429432.055149572,0.3438400000000001,-0.0092989999999986,59023300.0,45276600.0,57306200.0,44680250.0,-1934650.0,-430300.0,-1.5743624395403175,-0.0440317090818011,17141.0,17300.0,-0.0092760049005308,0.7976996499374007,0.8920700855364468,0.0943704355990461,-1384120.2525724445,-1676308.4792355453,-292188.2266631008,-2.119162,-0.7084030000000006,23302975.0,18588775.0,19319250.0,17234125.0,-6594975.0,-1369875.0,-2.0306135238530763,-0.33271197906756,39497.5,39900.0,-0.0101905183872397,1,1,1,1,0,0,0,0.0,0,-0.0263053730820838,12.95,1.0
2023-03-15,0.7624488444554806,0.8053348486378429,0.0428860041823623,-3401479.7349513154,-4455395.156905595,-1053915.4219542798,-0.4472060000000013,-0.6524539999999988,90007350.0,68626000.0,75760350.0,61012450.0,-14469200.0,-7083050.0,-1.0678261724416378,-0.3228738892587515,16964.4492,17100.0,-0.0079902859445622,0.7414125349426038,0.7914893757543635,0.0500768408117596,-2593659.704613127,-2446159.4279039493,147500.27670917753,-2.4275490000000026,-1.1470519999999986,35871325.0,26595450.0,30282150.0,23968000.0,-5835775.0,-2304425.0,-1.807090081089571,-0.3556836484578848,39038.0508,39300.0,-0.0067100993679736,1,1,6,0,2,0,0,0.0,0,-0.0466947314740995,143.65,1.0
2023-03-22,0.7408310249307479,0.7335981912185241,-0.0072328337122238,3817111.290995088,7808111.785477103,3991000.4944820153,-0.5322359999999975,0.180928999999999,85286250.0,63182700.0,79677950.0,58451600.0,-5388950.0,-3894700.0,-0.3466679700353481,0.2421310278353775,17159.9492,17100.0,0.0034935534657642,0.8206097889305644,0.7132378356368091,-0.1073719532937552,1744360.7029179046,3389085.6208488173,1644724.9179309127,-1.5744879999999988,-1.767834999999998,33892875.0,27812825.0,34934525.0,24916625.0,1080625.0,-3095750.0,-0.3412161882226638,0.3510329073090989,40022.3008,39900.0,0.0030558163212844,1,1,6,0,2,0,0,0.0,0,0.0113928076197335,73.85,1.0
2023-03-24,0.7914310837546713,0.8621809128686848,0.0707498291140135,-1903477.509410136,-4110088.961777098,-2206611.4523669626,2.034181,1.23189,68235000.0,54003300.0,59125700.0,50977050.0,-8991450.0,-2991700.0,-0.5893426156878745,-0.1854468385729424,16954.5,17050.0,-0.0056327228759326,0.9712554125446592,1.0063358779566918,0.0350804654120325,-1365939.767054957,-1392472.4228021167,-26532.655747159384,0.3608650000000004,1.016680000000001,23504425.0,22828800.0,20281325.0,20409825.0,-580050.0,-2693550.0,-0.1411856387419914,-0.0627103024832833,39442.4492,39500.0,-0.0014591081732317,0,1,4,0,4,0,0,0.0,0,-0.0093986611224159,16.6,1.0
2023-03-28,0.7365594814265658,0.7527955314800349,0.016236050053469,-1696733.7103239484,-562790.452127995,1133943.2581959534,-3.771856999999999,-3.4733160000000005,92060250.0,67807850.0,87751650.0,66059050.0,-4080450.0,-1371550.0,-0.5346879478177824,-0.0212523888284671,16943.1992,17000.0,-0.0033524247297996,0.8056218268291048,0.8936144990384223,0.0879926722093175,1866825.7405582329,398138.4633119201,-1468687.2772463125,-0.6318069999999985,-1.4004660000000015,35428875.0,28542275.0,31211725.0,27891250.0,-3748550.0,-735900.0,-0.0174647687812254,0.039858332906575,39530.6992,39500.0,0.0007765913738253,1,0,0,0,1,0,0,0.0,0,-0.0095023376694998,55.45,1.0
2023-03-29,0.9376794803850278,0.944556307231044,0.006876826846016,2411995.0305094817,-1440207.1151741475,-3852202.145683629,1.2056219999999982,17.499991,97364400.0,91296600.0,83783200.0,79137950.0,-13465600.0,-12014100.0,0.0226390461208308,0.5100511052980898,17094.8496,17050.0,0.0026235738277569,1.0107920148305845,0.9630696843936613,-0.0477223304369233,1686429.521426639,-3850242.538031144,-5536672.059457783,2.417007999999996,27.733121,53713325.0,54293000.0,45896575.0,44201600.0,-6521000.0,-11979000.0,0.1799231230967508,0.4763978392826122,39945.75,39800.0,0.0036486985474049,1,1,6,0,2,0,0,0.0,1,-0.0038081411374334,61.05,1.0
2023-04-03,0.7488764953979126,0.8224169269615395,0.0735404315636268,6770415.640618692,6588151.414553474,-182264.22606521845,1.3443970000000007,1.2207620000000006,84668100.0,63405950.0,77188100.0,63480800.0,-5190100.0,639100.0,-0.0267288458297504,0.102372552992989,17404.0996,17400.0,0.0002355536967854,1.1014305309814492,1.0862828263734536,-0.0151477046079955,1694245.598912435,2017269.365693698,323023.76678126305,1.1776279999999986,3.079111000000001,24896350.0,27421600.0,23541475.0,25572700.0,-1144950.0,-1535700.0,0.3862647293320519,0.0410512057496431,40819.4492,40700.0,0.0029262815236615,0,1,1,1,0,0,0,0.0,0,0.0258329709857556,27.75,1.0
2023-04-10,0.7265518543908001,0.7831357724385546,0.0565839180477545,3889867.5222117617,2739311.279881347,-1150556.2423304147,1.2106889999999986,0.7150350000000003,71479000.0,51933200.0,66886550.0,52381250.0,-4595900.0,1076100.0,-0.002836187354634,-0.0425440169475396,17621.3008,17600.0,0.0012088097378146,0.6857304652168784,0.7195105005312542,0.0337800353143757,357397.2287590353,-430182.3836089712,-787579.6123680065,0.7337799999999994,-1.1546059999999994,31786250.0,21796800.0,29505650.0,21229625.0,-2313225.0,-616875.0,-0.5991511438600268,-0.0220480958338417,40810.8516,40900.0,-0.0021844288101059,1,0,1,1,0,0,0,0.0,0,0.0298758420831224,37.95,1.0
2023-04-12,1.0773833804763544,1.0029342398560228,-0.0744491406203315,2891857.595347494,5736405.323831135,2844547.7284836406,-0.6007960000000008,2.837325,89355750.0,96270400.0,85013500.0,85262950.0,-4033450.0,-9401650.0,0.3487864139318462,0.0989038818093407,17812.25,17800.0,0.0006877289505817,1.0899833062733233,0.9623316766714548,-0.1276516296018686,1052802.050627791,3238752.251897239,2185950.201269448,1.053077,3.294903999999999,38232925.0,41673250.0,35870325.0,34519150.0,-2175175.0,-6817000.0,0.2961631067697785,0.0883908066740192,41555.9492,41500.0,0.001346358369309,0,1,6,0,2,0,0,0.0,0,0.0229140282670633,4.65,1.0
2023-04-17,0.7655905546115976,0.7656898596040215,9.930499242383206e-05,-1377930.9852623502,2769020.701606974,4146951.686869324,-1.913373,0.5591980000000003,74597250.0,57110950.0,71223550.0,54535150.0,-3357150.0,-2654550.0,-0.0788014746064553,0.1331475173495831,17711.3008,17700.0,0.0006380559015744,0.8889168707087556,0.8549466754246597,-0.0339701952840958,3285089.361766438,3860616.239965531,575526.878199093,0.0254539999999998,0.6228889999999989,28987075.0,25767100.0,26718450.0,22842850.0,-2281125.0,-2576625.0,0.1528456470413759,0.1390061536445733,42289.3516,42100.0,0.0044775243137093,1,1,1,1,0,0,0,0.0,0,0.0067725799112394,-134.85,1.0
2023-04-18,0.5847935824951411,0.645607171634339,0.0608135891391978,1638474.430892373,1114678.4386956156,-523795.99219675735,-1.1098680000000003,-1.998362,90452600.0,52896100.0,84019900.0,54243850.0,-5800550.0,1222300.0,-0.5154109453858439,0.0793556340652333,17656.0996,17700.0,-0.0024864155161425,0.6877288806249362,0.7927910458847583,0.1050621652598221,2610686.763632314,1074943.1710888972,-1535743.592543417,0.8667429999999996,-1.7274190000000011,35280400.0,24263350.0,31974125.0,25348800.0,-2375900.0,-174150.0,-0.2019338336468039,-0.0407127171598223,42237.8984,42200.0,0.000897260551202,1,1,0,0,1,0,0,0.0,0,0.0019709222754951,22.2,1.0
2023-04-19,0.6764091651006396,0.6498439471412445,-0.0265652179593951,3374689.0102298586,9335288.635056498,5960599.624826639,1.0269209999999998,1.282515,110922950.0,75029300.0,106165950.0,68991300.0,-4708500.0,-6422350.0,-0.1975948109339991,0.1508278796695694,17628.5996,17650.0,-0.0012139591621332,0.7464806939009682,0.7028505649106076,-0.0436301289903605,1689327.2285034088,4470824.67715107,2781497.448647661,2.2380190000000013,1.8855549999999983,48542950.0,36236375.0,46084725.0,32390675.0,-2549150.0,-3934450.0,-0.3837109026232753,0.1572091476881492,42175.1992,42100.0,0.0017830194385899,1,1,6,0,2,1,-1,0.905,0,-0.0056471190144903,-19.2,1.0
2023-04-20,0.7731643297144607,0.7048617158677847,-0.068302613846676,4640643.766450568,3096776.922594788,-1543866.8438557803,4.082864999999998,20.435990000000004,117532000.0,90871550.0,88419400.0,62323450.0,-26331300.0,-27164400.0,-0.0567569101538112,0.143104094497127,17634.1992,17600.0,0.0019393679073331,0.8092379066795445,0.7224263970725464,-0.0868115096069981,2923673.7494264888,3061784.1820197515,138110.43259326275,5.813005999999998,14.645461,69524950.0,56262225.0,60011200.0,43353675.0,-9545000.0,-13411450.0,0.2207447797847228,0.1648329880152645,42292.6992,42200.0,0.0021918487529403,1,1,5,0,3,1,-1,0.7885,2,-0.0100969030677617,-9.6,1.0
2023-04-21,0.8138396321813963,0.7609847667937366,-0.0528548653876597,75641.381744819,1557479.8259002652,1481838.4441554465,-0.0839619999999996,-0.2893559999999997,84204550.0,68529000.0,82303750.0,62631900.0,-1787850.0,-5732350.0,-0.2045077265461297,0.0945194264147136,17632.5,17650.0,-0.000992485467177,0.6879659465453529,0.6488732628403618,-0.039092683704991,2388113.5065480955,2907240.5250381404,519127.01849004487,1.746352,1.4026499999999995,32554700.0,22396525.0,31293900.0,20305775.0,-1318925.0,-1936650.0,-0.4820939508747454,0.0516240194984705,42153.3008,42100.0,0.00126445139499,1,1,4,0,4,1,-1,0.7717,0,-0.0115724259180491,17.75,1.0
2023-05-03,0.7359072164279844,0.7458898946821296,0.0099826782541452,8566999.619276622,9558357.599873442,991357.98059682,-0.5853799999999989,-1.286465999999999,107932900.0,79428600.0,100429300.0,74909200.0,-5945050.0,-4872000.0,0.0013826438873396,0.0909723905832403,18098.0,18050.0,0.0026522267653884,0.9920934480010312,0.9401508151191964,-0.0519426328818348,1115520.9024510984,2991942.496937665,1876421.5944865667,-0.5190999999999981,2.204763,41310675.0,40984050.0,38742800.0,36424075.0,-2100800.0,-4235350.0,0.2877463107175534,0.1652443710025017,43340.75,43200.0,0.0032475210973506,1,1,6,0,2,0,0,0.0,0,0.0177643938556746,-61.65,1.0
2023-05-04,1.0239974295832903,1.0066903459929568,-0.0173070835903335,9743523.293356497,-8357305.698960643,-18100828.99231714,-1.649081000000001,11.809532,104263250.0,106765300.0,79211150.0,79741100.0,-24693000.0,-26219850.0,0.7083098602452318,0.273430110710606,18263.150391,18200.0,0.0034578038097479,0.9028615656772462,0.9077782499525546,0.0049166842753084,5280612.474705712,-4024134.6834213054,-9304747.158127015,-7.34769,18.06301,66731825.0,60249600.0,45710475.0,41494975.0,-20369725.0,-17806975.0,0.4982540989426725,0.4661438029103126,43719.800781,43600.0,0.0027401950342843,0,1,5,0,3,0,0,0.0,0,0.0244618251197316,-12.75,1.0
2023-05-09,0.7808607930564834,0.8061144125022998,0.0252536194458163,5242723.196506622,7256263.83266993,2013540.6361633083,-0.4434959999999996,0.1323659999999993,86895450.0,67853250.0,86150550.0,69447200.0,-709950.0,1074850.0,-0.2728295188499194,0.0572312137552923,18268.349609,18250.0,0.001004448096995,0.7109113256120378,0.6840885203387309,-0.0268228052733069,738859.0215569267,1042498.4309522108,303639.409395284,0.1330020000000011,-0.4246160000000003,40660275.0,28905850.0,40507075.0,27710425.0,-1393675.0,-196075.0,-0.5023944577197235,-0.0463676374304468,43223.0,43300.0,-0.0017814589454688,1,1,0,0,1,0,0,0.0,0,0.0068643524283235,41.75,1.0
2023-05-10,0.798637825231172,0.8503103494483412,0.0516725242171691,10121135.496276457,9649043.435350206,-472092.0609262511,0.4453239999999994,0.842277000000001,103591700.0,82732250.0,94401650.0,80270700.0,-9187300.0,-2272500.0,-0.0475490578155437,0.1796380869930305,18319.400391,18250.0,0.0037883549416876,0.7990734829117945,0.7960734489517791,-0.0030000339600153,3766971.1617736383,4333618.691732228,566647.5299585895,1.2429270000000017,-0.095134999999999,47889025.0,38266850.0,42522050.0,33850675.0,-6008150.0,-2939625.0,-0.0271605332892821,0.20797723300173,43339.5,43200.0,0.0032187727131139,1,1,6,0,2,0,0,0.0,0,0.0120855697388856,26.9,1.0
2023-05-12,0.8774923945880189,0.9048720194859016,0.0273796248978827,3743880.6720936177,2288411.126199294,-1455469.5458943238,2.9901160000000004,3.528606,56637300.0,49698800.0,55137300.0,49892200.0,-1481900.0,182550.0,0.5007749136836354,-0.0932722904052843,18315.900391,18300.0,0.0008681195387922,1.0670669892344002,1.0873450522161283,0.020278062981728,2231030.520770688,2394177.8512629247,163147.33049223665,4.3331800000000005,5.355312,25400350.0,27103875.0,25248425.0,27453750.0,-437625.0,322825.0,1.0518094264914573,-0.1377139355762319,43797.5,43600.0,0.0045093898053541,0,1,4,0,4,0,0,0.0,0,0.0133190925257418,-57.3,1.0
2023-05-16,0.7071313070440159,0.6643269388645601,-0.0428043681794558,420990.74625311024,-4999176.908352496,-5420167.654605607,-1.710535,-1.6487220000000011,86950400.0,61485350.0,88920600.0,59072350.0,1936250.0,-2497200.0,-0.3177062100828956,-0.3045414020900676,18283.2,18350.0,-0.0036536273737638,0.9353502176172536,0.9198914118749724,-0.0154588057422812,2442913.738745784,-351198.0971102286,-2794111.8358560125,1.0018659999999997,1.6187869999999993,36945600.0,34557075.0,32701550.0,30081875.0,-4086550.0,-1435575.0,0.1038940962236755,-0.3386112170927259,43883.7,43900.0,-0.00037143631918,1,1,0,0,1,0,0,0.0,0,0.0008122424411481,7.5,1.0
2023-05-22,0.9468685555859476,0.965802380060826,0.0189338244748781,3709333.493794457,6082609.19239703,2373275.698602573,-1.45294,-0.9078469999999984,86096850.0,81522400.0,82119750.0,79311450.0,-3774350.0,-2368400.0,0.5903525342264357,0.0995003116218391,18309.6,18250.0,0.0032551229955869,0.720868466532795,0.8318278824036017,0.1109594158708067,864266.313898781,1698757.9195861272,834491.6056873462,-1.2180239999999998,-1.4956250000000004,41096575.0,29625225.0,34311425.0,28541200.0,-8446225.0,-1960450.0,-0.4128625630698979,0.1838109294961069,43848.25,43900.0,-0.0011802067357306,1,1,1,1,0,0,0,0.0,0,-0.0043911390745839,-20.2,1.0
2023-05-23,1.0161305725571903,0.9795313332678356,-0.036599239289355,-29030.808695465268,-690322.9743641177,-661292.1656686524,-0.139175999999999,-0.9286780000000014,86388750.0,87782250.0,83972250.0,82253450.0,-2400850.0,-4714800.0,0.00108818368541,-0.1934225452883479,18343.9,18350.0,-0.000332535611293,0.978154345931487,0.9189211284170724,-0.0592332175144145,2682769.369939859,151937.76752044307,-2530831.602419416,2.1826410000000003,-0.2009109999999996,38524825.0,37683225.0,36390800.0,33440275.0,-2020575.0,-3427000.0,0.2098428113474368,-0.1686355960785694,43955.6,44000.0,-0.001010110202113,1,0,0,0,1,0,0,0.0,0,0.0033090019025398,69.65,1.0
2023-05-24,0.8661721946228679,0.7789819792562607,-0.0871902153666072,-603637.8667513366,6186570.149619821,6790208.016371158,0.5139870000000002,-1.0381859999999996,114404850.0,99094300.0,113533050.0,88440200.0,5151100.0,-6725050.0,-0.0363679120169852,0.0579909949832238,18289.3,18300.0,-0.0005850415270131,0.8553971006227867,0.7374030114212696,-0.1179940892015171,-601481.8845742419,3244673.3815803835,3846155.2661546255,0.1967879999999997,-6.355072,49800350.0,42599075.0,49342150.0,36385050.0,-1918175.0,-4931700.0,-0.0740170467655103,-0.1875801587972989,43659.25,43800.0,-0.0032238300016605,1,1,6,0,2,1,-1,0.6663,0,0.0057574647471471,-58.55,1.0
2023-05-25,0.813570295866953,0.8752996044920622,0.0617293086251092,6603944.9623302445,-3272313.038444689,-9876258.000774931,2.059834000000002,13.550175,119467550.0,97195250.0,91641650.0,80213900.0,-28017900.0,-16812950.0,-0.043246083902865,0.3781562078133987,18328.7,18300.0,0.0015658502785249,0.8057668285196133,0.832600756602801,0.0268339280831876,6320854.749776382,7386859.127418756,1066004.3776423745,-2.961926000000002,-7.280450999999999,72648250.0,58537550.0,57229500.0,47649325.0,-14590225.0,-10267700.0,-0.1688169641578841,0.2421813067235901,43688.6,43700.0,-0.000260937635905,1,0,5,0,3,0,0,0.0,1,0.0105572135503336,-21.75,1.0
2023-05-30,0.920068502604514,0.910046714277414,-0.0100217883270998,6693212.9290208,4201350.584838117,-2491862.344182683,0.6993960000000001,0.376002999999999,86215700.0,79324350.0,83475550.0,75966650.0,-3026000.0,-2994900.0,0.325029126161335,-0.0528338522851233,18633.5,18600.0,0.0017978372286473,0.9147788106186034,0.9552659155458876,0.040487104927284,4791965.635611145,3509364.0268231826,-1282601.6087879622,3.370652,3.3140610000000006,37009575.0,33855575.0,34592750.0,33045275.0,-2196775.0,-1082275.0,0.363422404573372,0.0118151569334154,44439.7,44400.0,0.0008933453646176,1,1,0,0,1,0,0,0.0,0,0.0155419003407839,-16.4,1.0
2023-05-31,0.6651062782376262,0.6923694499987525,0.0272631717611262,11785188.236452064,9685509.96318341,-2099678.273268655,-1.0840890000000003,-3.392033,122896750.0,81739400.0,112225200.0,77701300.0,-10273800.0,-4328050.0,-0.3258397363171428,-0.0625758597437547,18525.9,18500.0,0.0013980427401638,0.5764367915276328,0.6053227362209752,0.0288859446933423,6543400.680503871,7309795.922645538,766395.2421416668,-4.524462999999999,-1.573440999999999,66635450.0,38411125.0,53832275.0,32585900.0,-12137125.0,-5685700.0,-0.8010968673828589,0.3909853809917594,44124.9,44000.0,0.0028306013158103,1,1,6,0,2,0,0,0.0,0,0.0127713093560907,-35.4,1.0
2023-06-05,0.8721226195337192,0.779784654978963,-0.0923379645547561,6582152.818743384,2952047.257739802,-3630105.561003583,-1.926070000000001,-2.5364210000000007,83389650.0,72726000.0,80703050.0,62931000.0,-2718800.0,-9793050.0,-0.0512706256895518,-0.1281080297146093,18593.25,18600.0,-0.000363034972369,0.910225319765112,0.8464437706981228,-0.063781549066989,765612.0388416151,829944.5178301453,64332.47898853023,-1.4387070000000008,-3.088743000000001,35246575.0,32082325.0,33947825.0,28734925.0,-1297850.0,-3348100.0,0.0172074173025076,-0.1183938281274661,44122.3,44100.0,0.0005054133624041,1,1,1,1,0,1,-1,0.4661,0,-0.0003280760491037,89.4,1.0
2023-06-06,0.6850598739872469,0.6994896713331048,0.0144297973458579,2952180.757517,11689914.97837944,8737734.22086244,-0.0138369999999987,0.1643509999999999,94815800.0,64954500.0,89275800.0,62447500.0,-5441200.0,-2382900.0,-0.1969038748638137,0.3096843052856404,18608.6,18550.0,0.0031490816074287,0.8625555462554539,0.7943689716735941,-0.0681865745818598,-649885.3680461477,4955221.562515441,5605106.930561589,-1.3987379999999998,1.936905,39724775.0,34264825.0,35763450.0,28409375.0,-4871100.0,-3431000.0,-0.1787145021662159,0.4031397445154277,44219.35,44100.0,0.0026990446490054,1,1,0,0,1,0,0,0.0,0,-0.0013380909901874,-5.5,1.0
2023-06-12,0.7819441843041768,0.7872130659844112,0.0052688816802344,-3170309.2314661904,-4597764.289914756,-1427455.0584485657,-1.6102029999999985,-4.049007,89428250.0,69927900.0,84035000.0,66153450.0,-5258750.0,-3656650.0,0.0029560992389544,-0.0507896582581604,18596.7,18600.0,-0.0001774508380518,0.7805775434239134,0.8278954578674376,0.0473179144435241,-1740136.6828622522,-985107.092076508,755029.5907857444,-1.273503999999999,-3.234306,38370275.0,29950975.0,33796900.0,27980300.0,-4544375.0,-2004875.0,-0.2127200209083748,0.06695833779343,43937.3,44000.0,-0.0014270335227698,1,1,1,1,0,0,0,0.0,0,0.0001855167852361,41.25,1.0
2023-06-13,0.86878648212049,0.8797135551712044,0.0109270730507143,1399668.1130451898,7175651.149667845,5775983.036622656,-0.5020240000000005,0.8967610000000015,85983900.0,74701650.0,83401750.0,73369650.0,-2622350.0,-1240250.0,0.1307105511270989,0.1484624109225534,18719.35,18700.0,0.0010336897381585,0.6542202586865613,0.6655798020970346,0.0113595434104732,1764936.6645470618,4652243.708140091,2887307.043593029,-2.365381000000001,-1.403924,44986875.0,29431325.0,38811950.0,25832450.0,-5739625.0,-3277425.0,-0.1653808128745013,0.268435773245112,44095.05,44000.0,0.0021555707500048,1,1,0,0,1,0,0,0.0,0,0.005916337907032,70.5,1.0
2023-06-15,0.7845962178530358,0.727107995624194,-0.0574882222288417,4532104.776567964,18466069.783453107,13933965.006885145,5.9321040000000025,-11.624565,122567950.0,96166350.0,98176200.0,71384700.0,-22057150.0,-24393750.0,-0.2484475364732153,-0.0382561611146069,18682.65,18700.0,-0.0009286691127863,0.7716548815741036,0.9291457179624912,0.1574908363883878,521295.0422332353,3752208.872193616,3230913.82996038,22.143126,-7.771032999999997,69133950.0,53347550.0,51753400.0,48086450.0,-17134300.0,-5774200.0,-1.1072058838588603,-0.1208079636609645,43404.9,43500.0,-0.002190996869017,1,1,5,0,3,0,-1,0.0,0,0.003107160922032,-21.9,1.0
2023-06-16,1.0817408124987438,1.1248831293914532,0.0431423168927094,3021083.068351768,1215662.830073012,-1805420.238278756,-2.457212,-0.2818309999999986,64672100.0,69958450.0,58558350.0,65871300.0,-7240100.0,-465100.0,0.4796079865272175,-0.0047811558710015,18823.0,18800.0,0.0012219093662009,0.9722499730814064,1.1022460063791504,0.1299960332977439,1679589.771590786,-191298.33130757613,-1870888.102898362,-0.2322889999999997,0.6385070000000006,26700875.0,25959925.0,22550025.0,24855675.0,-3494750.0,-1196750.0,0.6259870650749028,0.1340383262989707,43926.85,43900.0,0.0006112434649877,1,0,4,0,4,0,0,0.0,0,0.0137411677203422,51.4,1.0
2023-06-20,0.8567148229890579,0.9022866671952356,0.0455718442061777,1687507.5186770463,9630043.734417789,7942536.215740742,-1.1319540000000003,-0.1557439999999985,81602300.0,69909900.0,76937300.0,69419500.0,-4279450.0,-601750.0,0.0525396380898963,0.334797628694518,18820.4,18800.0,0.0010839302033963,0.8063564471199686,0.858068681877838,0.0517122347578694,621613.0610027979,3737425.5298479553,3115812.4688451574,-1.3500870000000005,-2.0035999999999987,40116750.0,32348400.0,35620750.0,30565050.0,-4266375.0,-1739600.0,0.0763186193330556,0.4060723934991788,43777.65,43700.0,0.0017737361416156,1,1,0,0,1,0,0,0.0,0,0.0053691738751568,-12.75,1.0
2023-06-23,0.8009448574184144,0.8801613967758074,0.079216539357393,-3349537.845596265,-6477572.80080607,-3128034.955209804,-0.1914119999999997,-1.1911429999999994,88807050.0,71129550.0,80150300.0,70545200.0,-8294400.0,-799400.0,-0.1645092629931567,-0.1321452742014478,18666.85,18750.0,-0.0044544205369412,1.0457686693872688,1.0375776015957563,-0.0081910677915124,-1582947.7858092932,-2050211.710753953,-467263.9249446599,1.5260549999999995,0.9627540000000004,30213900.0,31596750.0,27673400.0,28713300.0,-2590700.0,-2984975.0,0.0129355739731706,-0.1024410734908827,43638.9,43700.0,-0.0014001269509542,0,1,4,0,4,0,0,0.0,0,-0.0083650964142317,-44.05,1.0
2023-06-30,1.1198172045024628,1.095209058358277,-0.0246081461441858,4633598.858673023,4371506.000471477,-262092.8582015457,3.519728,3.795412999999999,66741250.0,74738000.0,64696050.0,70855700.0,-2041400.0,-3884950.0,0.5925171746010163,0.1411265077841274,19194.25,19100.0,0.0049103247066178,1.2243791030743436,1.2065454664597062,-0.0178336366146374,1486916.1203198729,1562416.2700922445,75500.14977237163,3.778080000000001,4.411261,25899025.0,31710225.0,24416900.0,29460100.0,-984600.0,-3524775.0,0.5632445582039968,-0.006924341517455,44766.5,44600.0,0.0037192990294081,1,1,4,0,4,0,0,0.0,0,0.0222905297159304,81.35,1.0
2023-07-04,1.00834868068345,0.9689190394817208,-0.0394296412017292,4819468.799200364,4972117.586832613,152648.78763224836,1.862157999999999,2.2443079999999984,71999400.0,72600500.0,72856500.0,70592050.0,612600.0,-2032450.0,-0.0265517979176059,-0.0048992052973339,19389.95,19350.0,0.0020603456945479,1.104958989288385,1.150471626684205,0.0455126373958196,592430.4815977406,-599101.2963393878,-1191531.7779371282,3.032290999999999,1.8297190000000008,28312725.0,31284400.0,27900775.0,32099050.0,-227750.0,-1039200.0,0.1241720483752225,-0.1233566230049725,45300.35,45300.0,7.726209620864846e-06,0,0,0,0,1,0,0,0.0,0,0.0357711082287474,79.85,1.0
2023-07-10,0.911993484211744,0.8106742618730706,-0.1013192223386733,-4199925.044747199,-1359961.3575651634,2839963.687182036,1.285533000000001,0.9493609999999996,72623600.0,66232250.0,71185250.0,57708050.0,-1388750.0,-7316300.0,-0.1717256103221165,-0.0118813313290006,19355.8,19400.0,-0.0022835532501886,0.6970599176289817,0.6461658913098463,-0.0508940263191354,-1942672.3657446704,1563924.8532762048,3506597.219020875,1.096756000000001,1.3862429999999986,37567825.0,26187025.0,35188100.0,22737350.0,-2300275.0,-2431375.0,-0.3979707717273943,0.2394238639929448,44881.35,44900.0,-0.0004155400851356,1,0,1,1,0,0,0,0.0,0,0.0020458983870467,65.75,1.0
2023-07-11,0.9313726943635056,0.8714273526149646,-0.0599453417485409,-3309341.1947824745,-4060824.146816436,-751482.9520339617,-0.4019329999999996,-0.9740570000000002,74198600.0,69106550.0,75600450.0,65880300.0,1190950.0,-2836450.0,0.0844464125722246,-0.0455317178576866,19428.15,19450.0,-0.001124656748069,0.6927545653059636,0.6851043801819192,-0.0076501851240443,-359611.91582151386,-2545502.4053842006,-2185890.4895626865,-0.7365840000000006,-2.952617,38227175.0,26482050.0,36650875.0,25109675.0,-1426275.0,-1224375.0,-0.3538172355569124,-0.2577992356380852,44706.15,44900.0,-0.0043360924615516,1,1,0,0,1,0,0,0.0,0,0.0019662191201941,64.8,1.0
2023-07-14,1.0663143844616585,0.9619114631059912,-0.1044029213556673,-2060730.4441276288,7094847.795158471,9155578.2392861,1.2317319999999992,2.9781880000000003,67502700.0,71979100.0,64167600.0,61723550.0,-3331000.0,-9724850.0,-0.0179434729335527,0.3294500107680159,19566.45,19500.0,0.0033961193778125,0.6963180193756098,0.6340505776532456,-0.0622674417223642,136744.7645987023,4774014.117179031,4637269.3525803285,-0.3409139999999997,2.544042000000001,34158925.0,23785475.0,29550600.0,18736575.0,-4705375.0,-5102125.0,-0.6359227844659804,0.6200314221024648,44862.9,44700.0,0.0036310626375022,1,1,4,0,4,0,0,0.0,0,0.0123067802284011,87.25,1.0
2023-07-20,1.0606909165182137,0.7935714045477242,-0.2671195119704892,9853043.283478174,5436956.119151886,-4416087.164326289,-7.823937999999998,9.587295999999998,102080350.0,108275700.0,96630750.0,76683400.0,-5449600.0,-31592300.0,0.5820680684364866,0.1862164722630079,19987.05,19900.0,0.0043553200697451,0.9206162094475772,0.8406879657391068,-0.0799282437084705,2289967.073437653,-4880038.98265442,-7170006.056092072,5.059761999999999,19.001069,60972775.0,56132525.0,49128900.0,41302075.0,-11843875.0,-14830450.0,0.7895741638467558,0.3583159476105458,46227.75,46100.0,0.002763491625701,1,0,5,0,3,0,-1,0.0,0,0.0284484203521779,1.25,1.0
2023-07-28,0.8235673323182293,0.8083287942320646,-0.0152385380861647,-1935364.292586909,3531224.603833924,5466588.896420833,0.2414120000000004,1.4309979999999989,68564400.0,56467400.0,62053400.0,50159550.0,-6510350.0,-6307150.0,-0.230962760756204,0.3162351932250667,19651.8,19650.0,9.15946630842606e-05,0.8140876251351634,0.7400328835728897,-0.0740547415622737,-987048.9096652296,1332712.341669833,2319761.2513350626,-2.5199799999999986,0.0117139999999995,27522240.0,22405515.0,26165040.0,19362990.0,-1358160.0,-3040620.0,-0.5715978408741826,0.3885155637944606,45489.55,45500.0,-0.0002297230902481,1,1,4,0,4,0,0,0.0,0,-0.0046535177439217,-29.5,1.0
2023-07-31,0.9043026834304072,0.8827620459739858,-0.0215406374564213,7373246.761196045,9713960.37595654,2340713.614760494,0.571142,2.051407,78196550.0,70713350.0,68758450.0,60697350.0,-9445750.0,-9731900.0,0.5277508791600799,0.1797252662291445,19760.0,19700.0,0.0030364372469635,0.990185001608898,0.894281637547158,-0.0959033640617399,1786628.7571633505,1806295.4973238995,19666.74016054906,0.336253000000001,0.3345729999999989,31185945.0,30879855.0,29235555.0,26144820.0,-2004630.0,-5195325.0,0.5019964265780686,0.0249744504799398,45658.05,45600.0,0.0012714077802272,1,1,1,1,0,0,0,0.0,0,0.0045091093117408,-30.8,1.0
2023-08-01,0.8230029938756528,0.7577877613150739,-0.0652152325605789,8670331.419802632,5803786.807783783,-2866544.612018849,0.8717609999999993,1.604958,84555950.0,69589800.0,87176850.0,66061550.0,2194750.0,-3531150.0,-0.0366831361298532,-0.1035097132097481,19736.15,19700.0,0.001831664230359,0.7332812248935332,0.7274452605291518,-0.0058359643643813,2428552.968055704,1650862.5442210394,-777690.4238346647,0.7969090000000012,0.9090919999999992,36500805.0,26765355.0,34657350.0,25211325.0,-1505730.0,-2333460.0,-0.3123166178011761,-0.0644567925729862,45582.55,45600.0,-0.0003828219351483,1,1,0,0,1,0,0,0.0,0,0.0031161092715651,3.85,1.0
2023-08-04,0.7598976246954562,0.720635681915861,-0.0392619427795951,4632697.187988148,5690897.960784602,1058200.772796454,2.254582,2.5175790000000005,63804450.0,48484850.0,59215150.0,42672550.0,-3610650.0,-5990550.0,0.1802629990935605,0.1243165792178564,19530.9,19500.0,0.0015821083513817,0.772183206160583,0.8116939824912006,0.0395107763306176,1992515.3059512365,2864708.09713224,872192.7911810037,3.190823,4.361865,25581345.0,19753485.0,23170635.0,18807465.0,-2287590.0,-1102455.0,0.3935328024261607,0.2370458619601071,44928.8,44800.0,0.0028667580705472,1,1,4,0,4,0,-1,0.0,0,-0.0061901909282213,81.45,1.0
2023-08-21,0.922411003284643,0.9428908255524387,0.0204798222677957,9581772.930327827,6886397.648677178,-2695375.2816506512,4.642233999999999,4.083797,83585950.0,77100600.0,78124050.0,73662450.0,-4991000.0,-3627850.0,0.385990510635428,-0.019070690410539,19397.8,19350.0,0.0024641969707904,1.0937255753019577,1.1519730120571348,0.058247436755177,728657.8379411963,-1306102.7992806477,-2034760.637221844,1.8985970000000003,-0.3220799999999997,28269285.0,30918840.0,25869330.0,29800770.0,-2288580.0,-1096770.0,0.2079427537805547,-0.1522581172183248,44002.8,44000.0,6.36323143073375e-05,0,0,1,1,0,0,0,0.0,0,-0.0009305178937817,10.55,1.0
2023-08-24,0.6989154704014101,0.6654828371699177,-0.0334326332314923,5585955.55344929,6758522.958572473,1172567.4051231835,3.8356290000000026,9.176870999999998,137183900.0,95879950.0,117387400.0,78119300.0,-18740500.0,-16323350.0,-0.502381251264916,-0.1130336268602952,19397.05,19400.0,-0.0001520849819947,0.8527301862763543,0.8445659596997693,-0.0081642265765849,427385.444035552,-6052153.305333412,-6479538.749368964,11.623769,13.308606,69044190.0,58876065.0,56294715.0,47544600.0,-12594750.0,-11046870.0,-0.2499350236155451,0.0522236610246394,44543.3,44500.0,0.0009720878336361,1,0,5,0,3,0,0,0.0,0,0.0017966649567845,74.3,1.0
2023-08-28,0.8492385165295057,0.8527814819529127,0.003542965423407,1024050.4628805162,-3540247.367406987,-4564297.830287503,0.9631899999999992,0.0165500000000005,94742700.0,80459150.0,91525850.0,78051550.0,-2511900.0,-2224500.0,-0.0238042257675493,-0.0975688028282125,19300.85,19300.0,4.403951121316133e-05,1.1542163534122487,1.0952726267181698,-0.0589437266940788,806218.4993303912,-66849.14118939784,-873067.640519789,2.726923000000001,2.7439969999999985,27421800.0,31650690.0,26145915.0,28636905.0,-1039440.0,-2981205.0,0.3774457027220542,-0.0887278559419023,44478.65,44500.0,-0.0004800055757087,0,1,1,1,0,0,0,0.0,0,-0.0050230948377921,61.15,1.0
2023-08-30,0.7629652155139215,0.7129953816428555,-0.049969833871066,1697733.2158331934,3901211.791753151,2203478.575919958,9.020507,3.52294,125290050.0,95591950.0,118158900.0,84246750.0,-6805750.0,-10501400.0,-0.1655237036121826,-0.2400592025702541,19344.5,19350.0,-0.0002843185401535,0.7099066349447686,0.6840573568283301,-0.0258492781164384,3383056.4550559893,-1863064.030898881,-5246120.485954871,4.535262,7.126776000000001,54813870.0,38912730.0,48491175.0,33170745.0,-6121605.0,-5752905.0,-0.6068502726128963,-0.5043327380811693,44210.85,44400.0,-0.0042783615334245,1,0,6,0,2,0,-1,0.0,0,-0.0050789630127426,81.8,1.0
2023-09-01,1.1416664216623056,1.0808323113501583,-0.0608341103121472,1575756.3895657803,1467604.3160402423,-108152.07352553795,3.387318999999999,2.5226619999999995,57822100.0,66013550.0,56548550.0,61119500.0,-1273450.0,-4889050.0,0.8848248643571268,-0.0241771412845114,19435.15,19400.0,0.0018085787863742,1.095177740121578,1.1507820088540246,0.0556042687324467,1627945.915894091,1235126.728472255,-392819.1874218357,3.738464000000001,4.193207,25077765.0,27464610.0,22762530.0,26194710.0,-2313795.0,-1270890.0,1.1959518480100453,-0.0976699699122641,44443.1,44400.0,0.0009697793358248,1,1,4,0,4,0,0,0.0,0,0.0088499445592135,-11.2,1.0
2023-09-04,1.0012203966148725,0.9714829289749414,-0.0297374676399309,7012897.348029522,6291873.6979710525,-721023.6500584697,-0.1854910000000007,1.5434889999999992,71288300.0,71375300.0,70249150.0,68245850.0,-1039000.0,-2407750.0,0.1340688750006296,-0.0030720314575946,19530.45,19500.0,0.0015591038608941,0.9121070675014118,0.922099792090094,0.0099927245886821,3694261.7607456553,2686293.9687519097,-1007967.7919937456,0.2051350000000003,1.8309870000000004,34635720.0,31591485.0,32155755.0,29650815.0,-2048655.0,-1631610.0,0.1169015365645673,-0.0100949599230091,44572.2,44500.0,0.0016198437591143,1,1,1,1,0,0,0,0.0,0,0.0117560015258226,69.75,1.0
2023-09-05,1.09336138632118,1.0444128611697705,-0.0489485251514096,5374228.583858917,6102714.622385453,728486.0385265369,-0.1947869999999998,1.13429,78636900.0,85978550.0,78205950.0,81679300.0,-388350.0,-4207100.0,0.0711177510418313,0.0922851175548752,19577.0,19550.0,0.0013791694335189,0.827238330448412,0.808069722260784,-0.019168608187628,2974395.6678071623,3367672.2777994336,393276.6099922713,-0.9722360000000004,1.4702589999999989,41725575.0,34516995.0,41275770.0,33353700.0,-421845.0,-1135110.0,-0.1233472865278972,0.0085327010152693,44538.35,44500.0,0.0008610556969442,0,1,0,0,1,0,0,0.0,0,0.0120345303161872,14.6,1.0
2023-09-07,1.6517036441169413,1.4803812070373044,-0.1713224370796369,7314772.027565231,1179867.163470367,-6134904.864094864,-33.622308,-30.049323,135625450.0,224013050.0,126781500.0,187684950.0,-14647350.0,-43767800.0,0.7291499123028692,-0.0727420192880332,19712.9,19700.0,0.000654393823334,1.124810627160404,1.2655563699520211,0.1407457427916172,1324278.2836112778,-74076.48958880438,-1398354.773200082,1.353337999999999,1.7544199999999996,19792305.0,22262595.0,19380405.0,24526995.0,-132090.0,847215.0,1.093673933034024,-0.0034556522766682,44852.5,44800.0,0.001170503316426,1,0,5,0,3,0,0,0.0,2,0.0219323387223595,-30.8,1.0
2023-09-15,0.9561632988660316,0.9854086738478104,0.0292453749817788,2459568.4127610507,-107647.0107006284,-2567215.4234616794,0.0881800000000012,0.2565439999999999,59230050.0,56633600.0,53120600.0,52345500.0,-6109450.0,-4288100.0,0.1703750731595948,-0.0495153683324461,20185.75,20200.0,-0.000705943549286,0.9871090002689284,1.0132410445055071,0.026132044236579,3186283.752501609,1669406.709254249,-1516877.0432473598,0.6715350000000004,2.1741909999999987,29896440.0,29511045.0,26349885.0,26698785.0,-3546555.0,-2812260.0,0.1923254037479074,-0.0739707361385915,46200.3,46100.0,0.0021709815737127,0,0,4,0,4,0,0,0.0,0,0.0182554524850451,59.3,1.0
2023-09-27,1.0332802012034703,1.019296522914079,-0.0139836782893916,7035859.594799794,3909894.229433205,-3125965.3653665897,-2.234071,1.5754479999999995,108785400.0,112405800.0,103723350.0,105724850.0,-2344650.0,-6589500.0,0.4795698650731894,-0.0329683985220013,19709.35,19700.0,0.0004743941327338,0.9165394116718728,0.8830634586689666,-0.0334759530029062,2495081.1339968545,1582875.6725739914,-912205.4614228632,-0.286093000000001,0.5456240000000001,44323735.0,40624450.0,41849365.0,36955645.0,-2327640.0,-2968215.0,0.3787972512456029,-0.1141739253197303,44573.95,44600.0,-0.0005844220671491,0,1,6,0,2,0,0,0.0,0,-0.0098024541651551,-43.7,1.0
2023-10-05,0.9274232803207688,0.8382869294721214,-0.0891363508486473,-16728746.827393604,3036643.1652030684,19765389.99259667,14.226662,5.988117,209035350.0,193864250.0,175281750.0,146936400.0,-34614350.0,-43419000.0,0.2069396494319478,-0.0171241629606836,19559.65,19550.0,0.0004933626112942,0.8285144322175492,0.8244802044057903,-0.0040342278117588,1191286.8164801977,917274.4808280268,-274012.3356521707,0.3683030000000009,-0.1033080000000001,20828400.0,17256630.0,19302780.0,15914760.0,-871185.0,-1719045.0,0.1645574491105621,-0.0989790245820574,44208.0,44200.0,0.0001809627216793,1,1,5,0,3,1,-1,0.7485,0,-0.0076535111824596,78.05,1.0
2023-10-16,0.9294703252578193,0.8578029692586245,-0.0716673559991947,-29480.080065115937,-3220351.2304458106,-3190871.150380695,0.5398489999999985,0.4596879999999999,68536400.0,63702550.0,67077350.0,57539150.0,-1265250.0,-5913850.0,0.1860965115777927,-0.1376681943449789,19730.45,19750.0,-0.0009908542379925,0.9255522297006584,0.9589203889832972,0.0333681592826388,16859.496015859302,-931128.5046386168,-947988.0006544762,0.7023939999999982,-0.0117240000000009,30784065.0,28492260.0,27389865.0,26264700.0,-3212640.0,-2183010.0,0.2985105062103779,-0.1138531497677225,44217.15,44300.0,-0.0018737073737226,1,1,1,1,0,0,0,0.0,0,0.0110362409372315,-34.65,1.0
2023-10-18,0.6309068106020793,0.6582462420570643,0.0273394314549849,4889910.699221944,-181605.4418993108,-5071516.141121255,-2.217403000000001,-0.683014,108557950.0,68489950.0,104086200.0,68514350.0,-4698450.0,-487850.0,-0.5773222953485869,-0.0607092054460512,19672.05,19700.0,-0.0014207975274565,0.9834987959435418,0.9610569092053982,-0.0224418867381436,5057183.972013474,-7427680.440866699,-12484864.412880177,-13.11297,11.813268,81119535.0,79780965.0,66175410.0,63598335.0,-14129190.0,-17442090.0,-0.9604850601868652,0.0664152834895967,43919.65,43900.0,0.000447407936994,1,1,6,0,2,0,0,0.0,0,-0.0070048622283899,-12.1,1.0
2023-10-23,0.761806286106837,0.872162865888758,0.110356579781921,-6579434.572130923,-7240081.394924898,-660646.8227939745,5.751453,4.72423,98622250.0,75131050.0,74353200.0,64848100.0,-24220600.0,-8797450.0,-0.7325219794985912,-0.6159708954396532,19272.7,19450.0,-0.0091995413201056,0.6814800106591361,0.7954913475467185,0.1140113368875823,-612153.604781667,-1755703.324144567,-1143549.7193629,5.649181999999998,5.1599840000000015,34674480.0,23629965.0,24955350.0,19851765.0,-9753945.0,-3667830.0,-0.6758083219956785,-0.8801273248564943,43127.8,43500.0,-0.0086301643023756,1,1,1,1,0,0,0,0.0,0,-0.0237512128554898,-11.15,1.0
2023-10-30,0.9722019150465168,0.957149187543654,-0.0150527275028627,3177145.356520309,3511177.0417069383,334031.6851866292,-1.6540210000000002,-1.638413,64358750.0,62569700.0,60704800.0,58103550.0,-3575000.0,-4279850.0,0.5667882089124516,0.0582937955011904,19138.4,19100.0,0.0020064373197342,1.1591114435439784,1.0026026787465527,-0.1565087647974257,211759.2662502092,1889543.3938836288,1677784.12763342,-3.275709000000001,-1.4306980000000014,26230860.0,30404490.0,26384355.0,26453025.0,51750.0,-3876315.0,0.7258582910658937,0.2205669992639935,43029.5,42900.0,0.0030095632066373,0,1,1,1,0,0,0,0.0,0,-0.0213183965221753,-17.4,1.0
2023-11-01,0.7115949520417899,0.7058415707515233,-0.0057533812902665,2833511.546347265,2171832.612205643,-661678.9341416219,4.967427000000001,3.251778999999999,99727450.0,70965550.0,101543750.0,71673800.0,1688300.0,651950.0,-0.1796322266517536,-0.0741921735149841,18990.6,19050.0,-0.0031278632586648,0.9674756055621864,0.8877484542112537,-0.0797271513509326,-1920232.3098948048,-10418730.839491166,-8498498.529596362,13.741304,12.007819,91945140.0,88954680.0,79088265.0,70210485.0,-12925695.0,-18081165.0,-0.0221294373034504,0.0267017380723487,42705.25,42700.0,0.0001229357046264,1,0,6,0,2,0,-1,0.0,0,-0.0073141448927364,-52.3,1.0
2023-11-06,0.9031563180868556,0.9500570933638696,0.0469007752770141,2742610.4544457854,6476449.259013207,3733838.804567421,-1.8013670000000008,0.903829,66964100.0,60479050.0,61653400.0,58574250.0,-5233550.0,-2033150.0,0.3212021917325987,0.1878215282686955,19416.5,19350.0,0.0034249221023356,0.8608727234991957,0.8982945781289597,0.0374218546297639,2623763.3901597764,3052660.6615667967,428897.2714070203,-0.2108509999999999,1.6871120000000008,31800450.0,27376140.0,27996885.0,25149450.0,-3713295.0,-2182920.0,0.1771058762143604,0.1046301119037369,43627.7,43500.0,0.0029270394726285,1,1,1,1,0,0,0,0.0,0,0.0143228697242035,90.2,1.0
2023-11-15,1.2812235035581625,1.0208467961244958,-0.2603767074336667,-14129.889573073016,5770861.360101935,5784991.2496750085,-7.218304999999999,1.0792779999999986,77722700.0,99580150.0,89908300.0,91782600.0,12039100.0,-8062950.0,0.3945568508952966,0.0432154314679519,19677.4,19650.0,0.0013924603860266,0.7074266187343731,0.7945520691802707,0.0871254504458975,17599536.373406485,-7467104.840153584,-25066641.213560067,-9.291994,5.478179,109984305.0,77805825.0,87116745.0,69218790.0,-21409545.0,-8805150.0,-0.0721991476206982,-0.0312071396508258,44206.85,44200.0,0.0001549533613003,0,0,6,0,2,0,0,0.0,0,0.0141964893735962,150.2,1.0
2023-11-17,0.8322595910470416,0.8112436632509217,-0.0210159277961199,489479.0448107229,104825.79503935971,-384653.2497713632,-1.897938,-0.4825169999999996,62126950.0,51705750.0,59020800.0,47880250.0,-2777400.0,-3314650.0,0.1242094323121966,-0.0420269124143918,19740.95,19750.0,-0.0004584379171214,0.618366170354461,0.6769247768073676,0.0585586064529066,1792254.6485888686,1069390.8938749656,-722863.754713903,-1.0760959999999995,0.9285539999999984,37231605.0,23022765.0,34481985.0,23341710.0,-545565.0,7785.0,-0.2258296037924811,-0.1025176971890678,43606.25,43800.0,-0.0044431704170847,1,1,4,0,4,0,-1,0.0,0,0.0176207325382011,-5.9,1.0
2023-11-20,0.6856916720206664,0.6961732696470614,0.010481597626395,1088994.4634140464,-1990285.9000798687,-3079280.363493915,-1.414192,-1.5786359999999997,78523850.0,53843150.0,73820200.0,51391650.0,-4182450.0,-2308000.0,-0.1550104860034575,-0.0981735159817277,19690.65,19700.0,-0.0004748446597749,0.8719713543383277,0.8689032935314895,-0.0030680608068381,332754.90480288875,-1630057.1314551358,-1962812.0362580249,-2.453811999999999,-2.4398410000000013,36181395.0,31549140.0,34465740.0,29947395.0,-1515180.0,-1595430.0,0.3121677614376335,-0.1292450052190724,43581.65,43700.0,-0.002715592456917,1,1,1,1,0,0,0,0.0,0,0.0134708605353302,-0.35,1.0
2023-11-22,0.7813166056479257,0.91064148581211,0.1293248801641843,10310025.199771147,6521754.519779626,-3788270.679991521,-5.841502,-5.649011000000001,96486750.0,75386700.0,94571850.0,86121050.0,-787500.0,9039200.0,0.1051418403865947,0.0414066129390652,19811.8,19800.0,0.0005956046396591,0.8443068314727669,0.9311635268246669,0.0868566953518999,4854890.143507745,7565508.18293375,2710618.0394260045,4.964136999999999,-4.136741000000001,87414240.0,73804440.0,70380930.0,65536155.0,-14628225.0,-8038320.0,-0.4214713096902834,-0.0104749045460001,43432.6,43400.0,0.0007505882677988,1,1,6,0,2,0,0,0.0,0,0.0067838358957791,-0.85,1.0
2023-11-23,0.7308870788013835,0.7870159900304139,0.0561289112290304,28072378.58059941,20145864.16599604,-7926514.414603379,-5.720345999999999,-0.9007390000000006,277524950.0,202839400.0,216578700.0,170450900.0,-57033800.0,-34440300.0,-0.2395749622751454,-0.0035353356801081,19799.4,19800.0,-3.0303948604429668e-05,0.8835945970780116,0.87328085839599,-0.0103137386820215,778839.8667431041,463004.9265626016,-315834.9401805025,-0.292470999999999,-0.9890799999999996,20405625.0,18030300.0,19152000.0,16725075.0,-1191450.0,-1232835.0,0.2120163269808875,-0.0475884141132329,43582.3,43600.0,-0.0004061281758878,1,1,5,0,3,0,0,0.0,0,0.0034723274442659,35.85,1.0
2023-11-29,1.21188708861842,1.2044816046602904,-0.0074054839581296,6043916.884101916,4788706.414483964,-1255210.4696179526,-6.507515000000001,-5.826305,100562050.0,121869850.0,96818000.0,116615500.0,-2895750.0,-4917650.0,0.5814666883694068,0.0948570546511222,20101.9,20050.0,0.0025818454971918,1.2263649894326063,1.162095215720267,-0.0642697737123394,920973.895684184,1819606.3482814585,898632.4525972744,-10.41796,-9.671998000000002,39929430.0,48968055.0,35371155.0,41104650.0,-3575475.0,-7505640.0,0.9395095664727452,0.2961627028388378,44600.5,44400.0,0.0044954652974742,1,1,6,0,2,0,0,0.0,0,0.015831836791547,70.6,1.0
2023-11-30,0.9129827805787336,0.8816517522702287,-0.0313310283085049,13729770.152371649,9119094.239617473,-4610675.912754176,-35.317133,-0.2005299999999987,132266350.0,120756900.0,117934150.0,103976850.0,-7769450.0,-18029950.0,-0.0270728757106485,0.0486946843292519,20135.2,20100.0,0.0017481822877349,0.8627961548219772,0.769452056271393,-0.0933440985505842,8577202.67449861,4025498.091219061,-4551704.583279549,-9.935169,5.258469999999999,66511875.0,57386190.0,57043905.0,43892550.0,-7306470.0,-11594475.0,-0.6998942163398951,0.1792754434308406,44480.55,44400.0,0.0018109038669711,1,1,5,0,3,0,0,0.0,0,0.0160614247685645,28.95,1.0
2023-12-01,1.0574790470493811,0.9553119068420608,-0.1021671402073206,-1696859.9482950838,1141858.202765423,2838718.151060507,-1.4507220000000007,0.2417480000000011,49402350.0,52241950.0,48416700.0,46253050.0,-985100.0,-5987050.0,0.187013449631288,0.0844434019333022,20267.35,20200.0,0.0033230787448777,1.0568467824039909,0.8937152624732582,-0.1631315199307325,-565492.288100709,1074640.7430630818,1640133.0311637907,-1.7049569999999985,-0.2201039999999992,19816425.0,20942925.0,19533990.0,17457825.0,-40395.0,-2897040.0,0.4826110807593856,0.0568268723002984,44810.6,44800.0,0.0002365511731598,1,1,4,0,4,0,0,0.0,0,0.0230888596683827,77.25,1.0
2023-12-04,0.9668512138119512,0.8576835054916896,-0.1091677083202616,4274444.563535462,3282785.7275332846,-991658.8360021776,-4.936939000000001,0.2695700000000016,58106200.0,56180050.0,56585500.0,48532450.0,-800150.0,-7576450.0,0.6143211799639815,0.0440268612234558,20678.3,20600.0,0.0037865782003355,1.026931361377248,1.0548262601584166,0.0278948987811686,2115565.66029956,1845100.953541779,-270464.70675778063,-7.949949999999999,-1.300727000000002,26142570.0,26846625.0,23895210.0,25205295.0,-1521810.0,-1558305.0,1.6613876245189223,0.3152405911436491,46412.1,46100.0,0.0067245395058615,0,1,1,1,0,0,0,0.0,0,0.0428468491123545,275.65,1.0
2023-12-06,0.8144581050439815,0.8536214573914462,0.0391633523474647,10013385.66098713,6875411.566892336,-3137974.0940947933,-1.5386780000000009,-2.855124,90674400.0,73850500.0,89459150.0,76364250.0,-1073550.0,2938450.0,0.0343761563160253,-0.0601376005574764,20939.35,20900.0,0.0018792369390644,0.7707229408073064,0.8107686363695447,0.0400456955622382,10211698.909866942,9036652.012925394,-1175046.8969415482,1.4916420000000006,-9.474643999999998,86212245.0,66445755.0,66932430.0,54266715.0,-16628085.0,-11109705.0,-0.6031337537795146,-0.1949836980842585,46835.5,46800.0,0.000757972051115,1,1,6,0,2,0,0,0.0,0,0.0399940781351855,87.0,1.0
2023-12-08,0.7302717613498455,0.7930693919171173,0.0627976305672718,4394505.122453135,4292745.551545745,-101759.57090739068,-0.9772079999999992,-1.3049309999999998,54178050.0,39564700.0,48347850.0,38343200.0,-4824700.0,-1588500.0,-0.0615813518300233,0.2061141628851275,20978.15,20900.0,0.0037253046622319,0.8335813353865793,0.9939484740599178,0.1603671386733385,1820270.8052591828,2055554.0046068649,235283.19934768183,0.2175960000000003,-1.9702970000000004,23689320.0,19746975.0,19182765.0,19066680.0,-4364895.0,-861555.0,0.3856603033249709,0.4528996090235879,47287.65,47100.0,0.0039682665558555,1,1,4,0,4,0,0,0.0,0,0.0338828733706262,33.85,1.0
2023-12-12,0.7852545127035913,0.7617495491300555,-0.0235049635735357,-6666234.905508697,-2288202.7142035,4378032.191305198,-4.996969999999999,-4.963581000000001,75417650.0,59222050.0,71944250.0,54803500.0,-3604900.0,-3994550.0,-0.6342615383517866,0.0579194010846828,20903.2,20950.0,-0.0022388916529526,0.826899068236709,0.8115191191762123,-0.0153799490604966,-537732.1566525901,-977605.9754909652,-439873.81883837504,-1.849622,-2.1196280000000005,36717480.0,30361650.0,35977230.0,29196210.0,-344400.0,-585795.0,-0.5807269528604876,-0.0761709964609161,47094.9,47200.0,-0.0022316641504706,1,1,0,0,1,0,0,0.0,0,0.0021743082398867,23.9,1.0
2023-12-13,0.8127621601890286,0.8365482053301146,0.023786045141086,2962233.9254711783,7231660.942046514,4269427.016575336,-1.2153210000000012,-0.7057329999999986,91499400.0,74367250.0,92958600.0,77764350.0,1289000.0,3618850.0,-0.1926182927558772,0.3270042194092862,20924.2,20900.0,0.0011565555672379,1.0498489133823152,0.9403299225534864,-0.1095189908288288,1619157.7594571733,9856440.657183845,8237282.89772667,-10.893685,-6.626722,79106940.0,83050335.0,66640185.0,62663760.0,-10817790.0,-21032520.0,-0.0894844124955222,0.1597695574106818,47080.3,47100.0,-0.0004184340371662,1,1,6,0,2,0,0,0.0,0,-0.0007240420183327,-6.95,1.0
2023-12-14,0.9112077393680866,0.9721242769193176,0.060916537551231,14795275.702775896,-16162111.039273735,-30957386.74204963,-0.4694140000000004,10.387269,203494650.0,185425900.0,141192750.0,137256900.0,-62175000.0,-46674300.0,0.4752525001125909,-0.1030937563401411,21172.45,21150.0,0.0010603402062586,0.9710186683444868,0.9338509417582316,-0.0371677265862551,-189626.74111888625,-292650.3104191319,-103023.56930024568,-4.310689,-4.5799910000000015,19263090.0,18704820.0,18021345.0,16829250.0,-1197825.0,-1714830.0,0.3252251013310171,-0.1495287594344843,47712.0,47800.0,-0.0018443997317236,1,1,5,0,3,0,0,0.0,0,0.0122045393896314,169.85,1.0
2023-12-15,1.2017040194785007,1.1764790361921962,-0.0252249832863045,-728859.7579986416,2249205.4390988867,2978065.1970975283,-1.1794539999999998,-2.3060540000000014,42939650.0,51600750.0,43519050.0,51199250.0,575850.0,-375250.0,0.423880232087952,0.4658686812170644,21457.45,21350.0,0.0050075847782472,0.9651027843824056,1.0301934211640404,0.0650906367816349,1815397.606445796,1762144.4455939592,-53253.16085183667,-0.3487120000000008,1.3508180000000003,22799670.0,22004025.0,18955785.0,19528125.0,-3935910.0,-2495895.0,0.1164620579972761,0.3760809199389628,48148.8,48000.0,0.0030904196989333,1,1,4,0,4,0,0,0.0,0,0.0223372301927768,95.35,1.0
2023-12-18,0.951007301465653,0.9443992539528212,-0.0066080475128319,754902.6760030999,1460879.170327208,705976.4943241081,2.036185000000001,1.465819999999999,62501150.0,59439050.0,59808550.0,56483150.0,-1078250.0,-2469400.0,0.2255266186915747,-0.003034490485712,21419.75,21400.0,0.0009220462423697,0.9626344371799642,0.979264213260202,0.0166297760802377,-308288.2350421738,-98321.83961924187,209966.395422932,2.865691,-0.1225989999999992,27090720.0,26078460.0,25510245.0,24981270.0,-1528725.0,-577485.0,-0.0738124495606197,-0.017134630132301,47848.1,47900.0,-0.0010846825683778,1,0,1,1,0,0,0,0.0,0,0.019570723281084,-85.25,1.0
2023-12-20,0.6769730108222235,0.623657289418427,-0.0533157214037964,-4428533.958419224,-3824312.320016238,604221.6384029863,2.584864,3.2681510000000014,93400400.0,63229550.0,92248100.0,57531200.0,-3751250.0,-862700.0,-1.5252298633232428,-0.3760222220651673,21142.35,21250.0,-0.0050916761854761,0.800722623568269,0.995886135829453,0.195163512261184,5202841.786141977,6658988.2813139,1456146.4951719232,-15.454613000000002,-51.644366,74744310.0,59849460.0,57551730.0,57314970.0,-16455630.0,-4541400.0,-1.200674690576176,-0.2084035028629168,47405.0,47600.0,-0.004113490138171,1,0,6,0,2,0,0,0.0,0,0.0103181529016404,97.1,1.0
2023-12-28,0.9839012024744804,0.8735227745350288,-0.1103784279394516,7675368.9916727,-142895.4806739231,-7818264.472346623,-3.253126999999999,20.50851,143100750.0,140797000.0,126470200.0,110474600.0,-16557900.0,-29162100.0,0.192281121908534,0.1220423125983947,21781.3,21750.0,0.001437012483185,0.9722411813942928,0.8862905228339555,-0.0859506585603373,4434641.763760592,-5088725.881896596,-9523367.64565719,-6.174253000000002,14.911146,63689490.0,61921545.0,51406665.0,45561240.0,-12074115.0,-16554570.0,0.0755548169808389,0.1450134854290386,48548.55,48500.0,0.0010000298670094,1,1,5,0,3,0,0,0.0,2,0.0293347963620169,44.5,1.0
2024-01-01,1.1509369663630655,1.2257579262836866,0.0748209599206208,1349598.5301088626,-10235648.224365182,-11585246.754474044,-9.133773,-5.31917,53699900.0,61805200.0,47331450.0,58016900.0,-4132900.0,-3888400.0,0.4923907436067406,-0.4216837097166011,21725.3,21800.0,-0.0034383875021288,1.2720483079653044,1.210066118164287,-0.0619821898010173,-908824.7309007688,-3086683.149075497,-2177858.4181747283,-10.429688,-3.683549000000001,22214970.0,28258515.0,19236015.0,23276850.0,-2199060.0,-4925010.0,0.5743277966555654,-0.4616281890487146,48213.65,48400.0,-0.003865087998938,1,1,1,1,0,0,1,0.0,0,0.0170768643010683,-5.9,1.0
2024-01-02,0.8410842229606651,0.7852657494226319,-0.0558184735380331,-101327.19290169048,-272449.6278241598,-171122.4349224693,-3.4958530000000003,2.962069,72464800.0,60949000.0,71812950.0,56392250.0,-5913450.0,-4311700.0,-0.2237682387229656,-0.0426851497210467,21661.05,21700.0,-0.0017981584456894,0.6952125575957847,0.6004253166655664,-0.0947872409302182,726305.2791457697,-59610.48754300142,-785915.7666887711,0.3840879999999984,13.125047999999998,39364860.0,27366945.0,39083820.0,23466915.0,-1317495.0,-2703180.0,-0.5432941063970851,-0.1858147475040971,47754.45,47900.0,-0.0030478834956742,1,1,0,0,1,0,0,0.0,0,0.0102672769787243,-6.4,1.0
2024-01-04,1.008601355370744,0.8893479441401457,-0.1192534112305983,-7272925.110234526,-23923784.56423852,-16650859.454003992,3.579547,6.124103,214332500.0,216176050.0,178990800.0,159185100.0,-34548100.0,-53708300.0,0.2868024538058151,0.032571484012249,21651.75,21650.0,8.082487558742365e-05,1.0582511977374898,0.972601447779573,-0.0856497499579167,232628.31433448143,959059.295389542,726430.9810550604,1.878444,1.0216019999999997,17057160.0,18050760.0,16858920.0,16397010.0,-287235.0,-1602750.0,0.7104424156715853,0.0822587077904782,48180.4,48100.0,0.0016687283625707,1,0,5,0,3,0,0,0.0,0,-0.0059833500756289,67.7,1.0
2024-01-08,0.5998039953644531,0.7219052176417903,0.1221012222773372,-3040449.716531395,-3237141.564571607,-196691.84804021195,0.3505369999999992,0.3908760000000004,67090250.0,40241000.0,63528700.0,45861700.0,-4072350.0,5571850.0,-0.944442399366844,-0.0922091405504313,21507.3,21600.0,-0.0043101644557894,0.6445003948792536,0.6337833722375374,-0.0107170226417161,-1188486.4543520475,-569972.2292610534,618514.2250909942,1.118110999999999,5.016249999999999,33940755.0,21874830.0,34083720.0,21601695.0,-460605.0,-777375.0,-1.2405290121035148,0.005163112197583,47454.45,47600.0,-0.0030671517634279,1,1,1,1,0,0,0,0.0,0,-0.0101360933264519,17.3,1.0
2024-01-10,0.7697627764889363,0.8941657026133509,0.1244029261244146,3598347.912807312,1156918.5148042026,-2441429.3980031093,-2.8136620000000008,-5.588481000000002,84766050.0,65249750.0,82637200.0,73891350.0,-1823000.0,7326950.0,0.1634609133378566,0.1845206635325937,21609.2,21600.0,0.0004257445902671,0.9648587971913284,1.032566513157462,0.0677077159661335,2360457.470696301,1135128.078736327,-1225329.3919599743,0.2601189999999995,-4.978116999999999,80925090.0,78081285.0,66129585.0,68283195.0,-13280475.0,-13820325.0,0.5009395933274611,-0.0450826162698591,47336.15,47300.0,0.0007636869496146,0,1,6,0,2,0,0,0.0,0,0.0043546267330582,-7.85,1.0
2024-01-11,0.6720941127520539,0.6888972852189075,0.0168031724668535,19777226.55819693,17307349.9330097,-2469876.6251872294,3.101433,0.1189070000000001,250916050.0,168639200.0,212262050.0,146226750.0,-37164400.0,-23648400.0,-0.2571043507308779,-0.0039265594793021,21646.6,21650.0,-0.0001570685465616,0.7499796496519867,0.7667292917548271,0.0167496421028403,867475.5296065717,799669.2715494119,-67806.25805715972,0.6581670000000006,1.1849659999999993,16768755.0,12576225.0,15816345.0,12126855.0,-928605.0,-436530.0,-0.374958250446904,0.0121239467980129,47432.55,47500.0,-0.0014220192673595,1,1,5,0,3,0,0,0.0,0,-0.0002379126514095,94.05,1.0
2024-01-12,1.2431951054376886,1.094246273501158,-0.1489488319365306,-285612.23091481323,-665103.334657803,-379491.1037429897,-0.4581769999999991,0.4189220000000002,50586750.0,62889200.0,48832700.0,53435000.0,-1945600.0,-9312850.0,0.8571671832680965,-0.1745395805574315,21876.55,21850.0,0.001213628291481,1.1189595011739482,0.9560142037277976,-0.1629452974461506,838371.920278706,153622.1694250747,-684749.7508536313,1.5958950000000005,1.4620619999999995,17294205.0,19351515.0,16521015.0,15794325.0,-1484415.0,-2622600.0,0.6796837681836451,-0.3869779768461168,47659.95,47600.0,0.0012578695529474,0,0,4,0,4,0,0,0.0,0,0.0073800484994206,81.95,1.0
2024-01-17,0.7222788393241608,0.6906726233891842,-0.0316062159349765,976106.9375526396,3538295.3152123606,2562188.377659721,1.7768830000000015,3.073905999999999,85810350.0,61979000.0,87676850.0,60556000.0,9859350.0,-1502700.0,-0.9446111255219464,0.065119555796564,21589.75,21700.0,-0.0051065899327227,0.9884369804486928,1.213442834157093,0.2250058537084002,484868.2467476295,-8317088.737567887,-8801956.984315516,1.789479,41.69069,61657770.0,60944820.0,46733895.0,56708910.0,-9654165.0,-5676420.0,-1.3910056701851314,-0.0903304208812676,46122.15,46200.0,-0.0016879091716235,0,0,6,0,2,0,-1,0.0,0,-0.0009008904688567,-252.85,1.0
2024-02-06,1.0183213731097789,1.0820816695089814,0.0637602963992025,1101716.3935682336,178178.63432430918,-923537.7592439244,2.4298109999999973,3.4367519999999985,53866050.0,54852950.0,50223150.0,54345550.0,-1514250.0,-3405100.0,0.6385848372801457,-0.0818237348090508,21919.45,21900.0,0.0008873397827044,0.784880203132218,0.7232210214158279,-0.06165918171639,322396.3534376861,235697.64308351,-86698.71035417612,-4.640657999999998,2.4160020000000024,28509510.0,22376550.0,29367765.0,21239385.0,858495.0,-1137165.0,0.0484752721399621,-0.1018253088938072,45669.0,45800.0,-0.0028684665747005,0,1,0,0,1,0,0,0.0,0,0.0178882225603289,26.7,1.0
2024-02-07,0.7478222623411527,0.750943089006472,0.0031208266653193,6256093.167289868,6283158.99259654,27065.82530667167,-0.0634639999999997,-1.0370979999999983,78211900.0,58488600.0,80453700.0,60416150.0,2241800.0,1924550.0,-0.4533675817218792,-0.0075221561690864,21933.55,21900.0,0.0015296201481292,0.7206730415441921,0.7994693803926285,0.0787963388484364,9097057.177898718,-4737880.977648206,-13834938.155546924,3.218446,12.087582,90707625.0,65370540.0,69852300.0,55844775.0,-20855325.0,-9525765.0,-0.478196355098019,0.1578344889657854,45848.05,45800.0,0.0010480271243815,1,0,6,0,2,0,-1,0.0,0,0.0093874452607989,115.65,1.0
2024-02-08,0.7237411880777651,0.8165146589682911,0.092773470890526,8380929.066620549,-9964637.584158942,-18345566.650779493,15.269733,11.897617,193693550.0,140184000.0,153331050.0,125197050.0,-40362450.0,-14986950.0,-1.296175395415378,0.0903427724629631,21714.75,21700.0,0.0006792617920998,0.7948543974739918,0.876559748666692,0.0817053511927001,-841278.0047469126,-853339.8635809076,-12061.85883399495,1.7733260000000008,2.4842840000000024,14745795.0,11720760.0,14209020.0,12455055.0,-537270.0,734295.0,-1.8217358075398111,-0.3856801169331653,44979.85,45400.0,-0.0093408492914049,1,1,5,0,3,0,0,0.0,0,0.0015335198425033,46.5,1.0
2024-02-12,0.7354237523747741,0.7765932869071587,0.0411695345323845,-1540940.1326810892,-3311348.2187329195,-1770408.0860518303,1.5678260000000002,0.8652380000000015,53952500.0,39677950.0,49993350.0,38824500.0,-3959150.0,-853450.0,-0.6645433100498541,-0.2152961939698518,21598.0,21700.0,-0.0047226595055097,0.7641417968369734,0.8017428020313259,0.0376010051943525,-135930.23254965548,-511320.678559967,-375390.44601031154,3.0516749999999995,2.7277629999999995,22804740.0,17426055.0,20327610.0,16297515.0,-2477130.0,-1128540.0,-1.67419009012762,-0.0239690787735412,44838.7,45000.0,-0.0035973389059005,1,1,1,1,0,0,0,0.0,0,-0.0080331512177053,6.6,1.0
2024-02-13,0.8468021694369013,0.7673692520517454,-0.0794329173851559,347072.7497666529,2601053.570693551,2253980.820926898,1.2017880000000003,-0.1041109999999996,53617600.0,45403500.0,54721700.0,41991750.0,1104100.0,-3411750.0,0.2749872434549077,0.1786775101196997,21753.9,21700.0,0.0024777166393153,1.11244460662261,1.1441576020126538,0.0317129953900436,-1251310.9681363166,-1732089.8460465998,-480778.8779102832,-3.1700859999999977,-14.597448,24212055.0,26934570.0,24701715.0,28262655.0,489660.0,1328085.0,1.0928731029440588,0.0637468415088657,45521.45,45500.0,0.0004712064312537,0,0,0,0,1,0,0,0.0,0,-0.0076101296778968,57.55,1.0
2024-02-15,0.8270921019127361,0.8505460094614989,0.0234539075487628,12338389.014598424,-12679163.171422346,-25017552.18602077,0.6023890000000023,11.492722,200289000.0,165657450.0,166347850.0,141486500.0,-33941150.0,-24170950.0,0.0164395572279186,0.0356131860104066,21909.8,21900.0,0.0004472884280093,0.7766051434935894,0.8450239770991936,0.0684188336056041,1633582.9215121858,1308274.7502687774,-325308.17124340846,2.0904329999999973,1.093433000000001,14329560.0,11128410.0,13309575.0,11246910.0,-1019985.0,134670.0,0.4158913114171019,0.092169891529799,46207.3,46000.0,0.0044863041121208,1,0,5,0,3,0,0,0.0,0,0.0089024089676765,84.15,1.0
2024-02-22,0.8396456133817632,0.8456140148063086,0.0059684014245453,15443309.783156838,16953062.066920023,1509752.2837631851,-3.066838999999998,-5.315472999999999,179916500.0,151066100.0,155703900.0,131665400.0,-24212600.0,-19400700.0,0.2584992981970808,0.4493980508744928,22206.7,22150.0,0.0025532834685027,0.8244796801459692,0.8094233804761243,-0.0150562996698448,386312.4901772632,1135098.9501083682,748786.459931105,-1.2784839999999988,0.7494970000000016,14271510.0,11766570.0,13712595.0,11099295.0,-558915.0,-667275.0,-0.3467544486487182,0.2558411177499754,46906.55,46800.0,0.0022715377703114,1,1,5,0,3,0,0,0.0,0,0.0133698388324245,-44.7,1.0
2024-02-27,0.751048717417596,0.7869769929554435,0.0359282755378475,3668690.721006917,4364959.391115722,696268.670108805,0.7432600000000011,2.1230909999999987,74829500.0,56200600.0,72169200.0,56795500.0,-2660300.0,594900.0,0.3418002990469824,0.1118169808513551,22203.9,22150.0,0.0024275014749661,0.785602670036172,0.7516304039731655,-0.0339722660630065,685610.154031596,147665.9610355858,-537944.1929960102,1.929515000000002,3.2388150000000024,26282790.0,20647830.0,25666185.0,19291485.0,-619395.0,-1356345.0,0.2921643604643629,-0.1036804968086318,46585.3,46600.0,-0.0003155501842855,1,1,0,0,1,0,0,0.0,0,0.0001373632560047,-22.85,1.0
2024-02-28,0.6408693081372834,0.5891554769343398,-0.0517138312029435,1791255.3050387683,2406009.413485532,614754.1084467634,6.154585999999998,10.191461,108069850.0,69258650.0,106954450.0,63012800.0,-14098300.0,-5029800.0,-1.070815165642066,-0.0976144751572331,21952.75,22000.0,-0.0021523499333796,0.7416365549724312,0.6638258935289528,-0.0778106614434783,174070.29085738945,954453.7014075054,780383.410550116,8.615273000000002,12.772007000000002,35235480.0,26131920.0,34687740.0,23026620.0,-2602650.0,261645.0,-1.2766372594110218,-0.1746203256755981,45962.35,46200.0,-0.0051705363194005,1,1,6,0,2,0,0,0.0,0,-0.0064821036088872,8.15,1.0
2024-03-15,0.857824686807766,0.9359615789526454,0.0781368921448794,375608.7975830941,-553429.2814271783,-929038.0790102724,0.7668340000000011,-0.8326639999999994,40290750.0,34562400.0,34907950.0,32672500.0,-5382850.0,-1889900.0,-0.2824749974516023,-0.0054519681605092,22009.2,22050.0,-0.0018537702415353,0.8599579783026666,0.7363544691661509,-0.1236035091365157,-307961.47368967725,197732.1672339319,505693.64092360914,4.813159999999998,6.606495999999998,17655165.0,15182700.0,17329575.0,12760710.0,-325590.0,-2421990.0,-0.4280294467116732,0.2030447021150189,46561.95,46700.0,-0.0029648672360157,1,0,4,0,4,0,0,0.0,0,-0.0223338422114388,-71.5,1.0
2024-03-21,0.7415148450814348,0.6458172545554676,-0.0956975905259672,-2819354.378185461,3939835.744634054,6759190.122819515,14.334704,42.873803,222797700.0,165207802.0,180216848.0,116387150.0,-42580852.0,-48820652.0,0.102247862451631,0.0024968392285352,22028.4,21950.0,0.0035590419640101,0.8824957489279905,0.8963282045635959,0.0138324556356053,155533.19466726435,342080.738694233,186547.54402696865,-1.578460999999999,-0.4897970000000011,16231200.0,14323965.0,15259020.0,13677090.0,-972180.0,-646875.0,-0.1158664251623819,0.0509846681819315,46704.5,46700.0,9.635045873523964e-05,1,1,5,0,3,0,-1,0.0,2,-0.0052591200450327,163.1,1.0
2024-04-01,0.9054008128372224,0.8847981963038163,-0.020602616533406,-1576826.9402981238,1728102.4472711077,3304929.3875692314,0.4586819999999996,-0.4071329999999999,57084000.0,51683900.0,55973950.0,49525650.0,-1110050.0,-2158250.0,-0.1919535218911601,0.1239066243244716,22464.05,22450.0,0.0006254437645927,1.0116273908161313,0.9376728872259588,-0.0739545035901724,-755072.071569288,1189194.4925088603,1944266.5640781485,-3.921552,0.345698999999998,27371145.0,27689400.0,26250855.0,24614715.0,-1120290.0,-3074685.0,-0.0514683748413413,0.2177738416548315,47583.85,47500.0,0.0017621524950166,1,1,1,1,0,0,0,0.0,0,0.0193932082594188,210.5,1.0
2024-04-15,0.9154910284093114,0.942264586269084,0.0267735578597725,-4750956.1929809,-5406639.922788663,-655683.7298077624,-0.3581199999999995,-3.4834510000000005,63146550.0,57810100.0,54784400.0,51621400.0,-8362250.0,-6188700.0,-0.2057424507056742,-0.1884631846916768,22270.0,22400.0,-0.0058374494836102,0.7888304803228489,0.6887773974508518,-0.1000530828719971,-503956.9798382375,-157764.19611224375,346192.78372599377,3.3922410000000003,4.427654,27490260.0,21685155.0,27493890.0,18937170.0,3630.0,-2747985.0,-0.6834278098235421,-0.1453811945087566,47770.2,47900.0,-0.0027171751426622,1,1,1,1,0,0,0,0.0,0,-0.0110215536596318,-157.8,1.0
2024-04-23,0.7620552433810315,0.7349252206885097,-0.0271300226925217,6447404.744112763,4640829.917826292,-1806574.8262864703,1.1282440000000005,1.6370240000000005,90503150.0,68968400.0,88507100.0,65046100.0,-1995750.0,-3922300.0,-0.067384993674283,-0.071226184442329,22377.5,22350.0,0.0012289129706178,0.6873037331100018,0.656115090750771,-0.0311886423592308,2110997.395079936,2629885.6020245915,518888.2069446556,-2.4838330000000006,1.6282679999999985,34119675.0,23450580.0,32695590.0,21452070.0,-1424085.0,-1998510.0,-0.1851389582293227,0.0418898359835744,48003.1,47900.0,0.0021477779560069,1,1,0,0,1,0,0,0.0,0,0.0048039325215059,61.15,1.0
2024-04-26,0.720246959141029,0.7887004565169139,0.0684534973758849,-207084.49076658767,-1888723.7303707432,-1681639.2396041555,-2.716341,-4.107189,50129750.0,36105800.0,45841675.0,36155350.0,-4288025.0,49550.0,-0.6264346571100333,-0.1710722980934859,22408.25,22500.0,-0.0040944741334106,0.843220605536587,0.7522960016376301,-0.0909246038989568,-240407.41865740035,-675900.778980541,-435493.3603231407,-1.3055210000000006,0.754365,22414170.0,18900090.0,21689880.0,16317210.0,-724290.0,-2582880.0,-0.5476309144756655,-0.2773940901287405,48154.75,48300.0,-0.0030163171857397,1,1,4,0,4,0,0,0.0,0,0.010975868262805,17.9,1.0
2024-04-29,0.892105760215071,0.8190279960511961,-0.0730777641638749,1260988.3969126889,4605738.858095392,3344750.461182703,-3.540286,-0.9570919999999994,59031650.0,52662475.0,57840300.0,47372825.0,-1191350.0,-5289650.0,0.577888105915002,0.1979361561904256,22653.05,22600.0,0.0023418480072219,1.014131093198685,0.8897121144033812,-0.1244189787953039,394125.4572217804,1644508.319710076,1250382.8624882954,-5.1665199999999984,-1.840651,30978495.0,31416255.0,31643820.0,28153890.0,665325.0,-3262365.0,1.839020400745144,0.3080495434519221,49462.15,49200.0,0.005300012231575,1,1,1,1,0,0,-1,0.0,0,0.0134926643432119,70.15,1.0
2024-05-10,0.7629289144630297,0.7763906534828482,0.0134617390198185,633190.7468913712,1194343.297655174,561152.5507638028,2.083798,2.840166,37511850.0,28618875.0,34848275.0,27055875.0,-2663575.0,-1563000.0,0.1809843639513839,0.1087121805302934,22054.6,22050.0,0.0002085732681616,0.8813189971649922,0.845364724515508,-0.0359542726494841,-514226.4832978321,-377090.61668049,137135.8666173421,2.902978000000001,3.586867999999999,17222175.0,15178230.0,16971645.0,14347230.0,-2665470.0,-889035.0,-0.0517309862286065,-0.0178147894376157,47424.05,47600.0,-0.0037101428494613,1,0,4,0,4,0,0,0.0,0,-0.0197691184605479,47.85,1.0
2024-05-13,0.7408915252196365,0.7382531620356538,-0.0026383631839826,5223678.365871416,3176612.361144,-2047066.004727416,0.1882019999999986,0.8476560000000006,46921275.0,34763575.0,45184500.0,33357600.0,-1736775.0,-1405975.0,0.5810768108067523,-0.1039714846901988,22098.45,22050.0,0.0021924614622292,0.9180714700674496,0.9256167657059816,0.0075452956385319,1349228.8424538183,927782.0360712528,-421446.8063825654,-1.0720450000000028,-0.4989660000000029,20475285.0,18797775.0,19590705.0,18133485.0,-884580.0,-664290.0,0.8016038411107681,-0.0282776107304106,47727.45,47700.0,0.0005751407209058,1,1,1,1,0,0,0,0.0,0,-0.0155010871803225,-60.95,1.0
2024-05-14,0.7893352080725766,0.8301279461532535,0.0407927380806768,3018131.559944264,2900169.1247926336,-117962.43515163056,0.7830589999999997,-0.010966999999999,55367700.0,43703675.0,53217700.0,44177500.0,-2150000.0,473825.0,0.3298170891273255,-0.0667808912213581,22222.05,22200.0,0.000992257689997,0.8404989911578109,0.7766174964316379,-0.063881494726173,1644879.7600280626,1585311.324471018,-59568.43555704458,0.3918260000000018,0.0764659999999999,27707505.0,23288130.0,27165825.0,21097455.0,-541680.0,-2190675.0,-0.0531888213608069,0.0758004263643292,47859.2,47800.0,0.0012369617544797,1,1,0,0,1,0,0,0.0,0,-0.0038992802194217,65.35,1.0
2024-05-22,0.8415003176991794,0.8254140675075318,-0.0160862501916476,2195909.2494960013,2530903.255887366,334994.0063913646,-2.820315000000001,-0.9466830000000002,65588775.0,55192975.0,63498100.0,52412225.0,-2090675.0,-2780750.0,0.1443033429166089,0.0385139801321017,22597.9,22550.0,0.0021196659866625,0.6403078034989265,0.6594379481499196,0.0191301446509931,8578621.769961674,-1525647.6032661744,-10104269.373227848,3.197199000000001,47.267086,84677400.0,54219600.0,71502300.0,47151330.0,-13175100.0,-7068270.0,-0.6237265972387696,0.2104709562651977,47826.75,47700.0,0.0026501905314494,1,0,6,0,2,0,-1,0.0,0,0.0166320764318809,31.3,1.0
2024-05-30,0.7664864378400014,0.7245667346679154,-0.0419197031720859,5913324.084354673,30839896.48503872,24926572.40068404,-3.049973999999999,-14.388135,179452425.0,137547850.0,179028575.0,129718150.0,-423850.0,-7829700.0,-0.8353969956607912,0.0596492711882794,22478.05,22500.0,-0.0009765081935488,1.1060381190438997,1.162005145937704,0.0559670268938046,-35076.61314465513,-134637.91563970916,-99561.30249505404,-4.829574000000001,-5.159735000000005,4608720.0,5097420.0,4407360.0,5121375.0,-333390.0,110250.0,0.3375359770735031,-0.2037485213869322,48637.25,48800.0,-0.0033462007000806,0,0,5,0,3,0,-1,0.0,1,-0.0222706151111863,-57.4,1.0
2024-06-03,0.4577848608910085,0.4510166772433834,-0.0067681836476251,3847448.705945711,3761712.2948005097,-85736.41114520095,1.966438000000004,0.5730500000000021,33475550.0,15324600.0,32382450.0,14605025.0,-1093100.0,-719575.0,0.6633621165275797,0.007952593942712,23264.7,23100.0,0.0070793949631845,0.4778888338610998,0.4355798880601357,-0.0423089458009641,1457162.2326237415,1449745.7419194295,-7416.490704311989,3.9923319999999975,1.4675170000000008,11993940.0,5731770.0,12890850.0,5614995.0,932670.0,-294585.0,0.982602884856925,0.2048146687813506,50955.0,50500.0,0.0089294475517613,1,1,1,1,0,0,0,0.0,0,0.0140104965892532,586.0,1.0
2024-06-04,1.1209239851554875,1.0864160485607743,-0.0345079365947134,23934.924872639764,403205.6286809901,379270.7038083503,10.321460000000002,12.759437999999996,18370425.0,20591850.0,15996450.0,17378800.0,-2373975.0,-3213050.0,-3.3668191545928807,-0.1821303107129425,21949.7,22000.0,-0.0022916030743016,1.049761884392734,1.1635714573295934,0.1138095729368595,250785.7694356865,-121032.75373224582,-371818.5231679323,10.465771999999994,16.425460000000008,5260050.0,5521800.0,5588475.0,6502590.0,328425.0,980790.0,-5.2034907837671245,-0.8106250079080101,47035.8,47200.0,-0.0034909579511775,1,0,0,0,1,0,0,0.0,1,-0.0429755304172721,-508.8,1.0
2024-06-05,0.4672942504566035,0.4986585894041268,0.0313643389475232,4407341.872821474,4668434.208128689,261092.3353072144,14.055727999999998,12.398088,46771975.0,21856275.0,44272425.0,22076825.0,-2499550.0,220550.0,2.439953991383593,0.2602194258784344,22635.85,22500.0,0.0060015418020528,0.5327180722109934,0.6226469534860497,0.0899288812750562,2754333.9623303427,5850854.415855713,3096520.4535253705,-21.430055,-30.010498,38843670.0,20692725.0,46112295.0,28711680.0,6528045.0,8957565.0,4.573666927453393,-0.1149187781762305,49065.2,49000.0,0.0013288440687085,1,1,6,0,2,0,0,0.0,1,-0.0033332081631571,89.65,1.0
2024-06-11,0.8583551415845074,1.0452511499075656,0.1868960083230582,1463960.9663120017,-2000962.374321293,-3464923.340633295,0.9568310000000012,1.7002270000000017,46809500.0,40179175.0,39622750.0,41415725.0,-7186750.0,1228550.0,0.3878620476018443,-0.294861987018355,23264.15,23250.0,0.0006082319792471,1.0008932010370617,1.0066511251368004,0.0057579240997387,-200358.2939326546,-940505.1117936744,-740146.8178610199,-1.588897000000003,2.996623,20874360.0,20893005.0,20010900.0,20143995.0,-863460.0,-749010.0,0.4728785777329496,-0.1411557301094467,49732.85,49800.0,-0.0013502141944409,1,1,0,0,1,0,0,0.0,0,0.0565010971817152,-19.35,1.0
2024-06-18,0.7996872070893274,0.7782501973129495,-0.0214370097763778,2083135.6672331293,4255677.4717577705,2172541.804524641,-0.470146999999999,2.220652000000001,51663575.0,41314700.0,50079075.0,38974050.0,-1584500.0,-2340650.0,0.0416582535414798,0.0900803287082214,23555.75,23500.0,0.0023667257463676,1.242838385121024,1.164918964658631,-0.0779194204623927,-34081.87268594661,1544604.0710820076,1578685.943767954,1.287699,5.638931999999999,22207980.0,27600930.0,22229190.0,25895205.0,21210.0,-1705725.0,0.5075503983477394,0.1245840580055432,50430.35,50300.0,0.002584753030665,0,1,0,0,1,0,0,0.0,0,0.012464048056207,52.85,1.0
2024-06-26,0.926114582640874,0.8479511572376343,-0.0781634254032397,4702433.181774028,7387348.716584816,2684915.534810788,-1.3103130000000007,1.065645,81232200.0,75230325.0,84774075.0,71884275.0,3541875.0,-3343825.0,0.7165744492797433,0.0096343552731309,23875.2,23800.0,0.0031497118348747,0.963317794340058,1.0100907198297684,0.0467729254897103,3333778.736139207,7191499.1845802935,3857720.4484410863,-5.522036999999997,-49.243531,61680315.0,59417745.0,55406850.0,55965945.0,-6273465.0,-3451800.0,0.709284635781626,-0.1665542449131408,52837.55,52900.0,-0.001181924597185,0,1,6,0,2,0,-1,0.0,0,0.0152543224768798,-28.6,1.0
2024-06-27,0.7408767108375155,0.7839539660694228,0.0430772552319073,15368852.272682495,1498615.805908893,-13870236.466773603,13.212766000000002,12.148374,191068700.0,141558350.0,169952900.0,133235250.0,-9763875.0,-13535450.0,0.6169692774054114,0.2681255811820012,24045.6,24000.0,0.0018963968459925,0.8317077477973924,0.9116362119560047,0.0799284641586123,1415185.2746072602,306784.78120085713,-1108400.493406403,1.3494080000000004,-0.3387370000000018,16223385.0,13493115.0,14348355.0,13080480.0,-1875030.0,-412635.0,0.2964239535580326,-0.1826026549216208,52805.15,52900.0,-0.0017962263150468,1,1,5,0,3,0,-1,0.0,1,0.0199100875004158,-40.95,1.0
2024-07-03,0.8734569408436031,0.7940199449440013,-0.0794369958996018,2936169.7442503627,5835260.151923629,2899090.4076732667,-0.0672139999999998,1.9077249999999992,67576800.0,59025425.0,72925750.0,57904500.0,5348800.0,-1120925.0,0.1521476141519929,0.1622228864130542,24296.1,24250.0,0.0018974238663817,0.9875736075227216,0.954456177976159,-0.0331174295465626,310146.44217008725,-9648675.504111689,-9958821.946281776,-1.0598080000000003,12.99784,66336630.0,65512305.0,59898135.0,57170145.0,-6438495.0,-8342160.0,0.9370732639057224,0.0018829200323862,53110.0,53100.0,0.0001882884579175,1,0,6,0,2,0,-1,0.0,0,0.01732376801215,94.85,1.0
2024-07-08,0.8396279628824365,0.8936281186837973,0.0540001558013608,1526994.1084631025,1683809.4135836286,156815.3051205261,1.2287160000000004,-0.0814299999999992,48753200.0,40934550.0,44911775.0,40134425.0,-3841425.0,-800125.0,0.0463229844354772,0.058648612497299,24311.5,24300.0,0.0004730271682125,0.7589524181255572,0.7426001888015,-0.0163522293240572,26441.445903559565,461423.4651152289,434982.0192116693,1.4153930000000017,-0.4733800000000023,23941995.0,18170835.0,23103630.0,17156760.0,-838365.0,-1014075.0,0.0628469476249994,0.0348400127523991,52400.55,52500.0,-0.0018978808428536,1,1,1,1,0,0,0,0.0,0,0.0067498920264071,-56.05,1.0
2024-07-09,1.0175835095956351,0.9709552202217736,-0.0466282893738614,806871.4669293863,2569459.307240022,1762587.8403106355,-2.112741,-0.101172,52277675.0,53196900.0,50583100.0,49113925.0,-1694575.0,-4082975.0,0.2602397571642807,0.0347996258016707,24434.05,24400.0,0.0013935471196956,0.675526373924193,0.5668971524573544,-0.1086292214668386,2831439.2179649854,3725174.528621929,893735.3106569438,3.168692000000002,6.383570999999998,32931675.0,22246215.0,33097485.0,18762870.0,165810.0,-3483345.0,-0.0224506181530426,0.0361574179797518,52567.0,52500.0,0.0012745638898928,1,1,0,0,1,0,0,0.0,0,0.0126462866368858,50.65,1.0
2024-07-11,0.7300724089555513,0.7515769922356091,0.0215045832800578,15420467.114338048,2028689.219215641,-13391777.895122409,0.352488000000001,26.220426,182605175.0,133315000.0,154007575.0,115748550.0,-28597600.0,-17566450.0,-0.2928858278536794,0.090304319385193,24328.65,24300.0,0.0011776239125476,0.8901480761350763,0.9526168703578858,0.0624687942228094,302063.00391009176,572838.2979681711,270775.2940580793,-0.968641,-1.867497,14935560.0,13294860.0,13016025.0,12399285.0,-2755095.0,-525090.0,-0.3673039318238049,0.2665459858941563,52287.6,52200.0,0.0016753494136276,1,1,5,0,3,0,0,0.0,2,0.001068698838612,47.25,1.0
2024-07-12,1.0363140677450378,0.9965429737099176,-0.0397710940351202,1246115.5348396986,-277039.6287866312,-1523155.1636263295,2.236302,2.229175999999999,40916650.0,42402500.0,40461075.0,40321200.0,-455575.0,-2081300.0,0.718675095293652,-0.2819579485676129,24491.15,24500.0,-0.0003613550200786,1.095527074340597,0.9687366985467212,-0.1267903757938757,-182771.6448478186,-661457.0427031284,-478685.3978553098,-0.4272100000000005,1.1400430000000004,15564645.0,17051490.0,15541065.0,15055200.0,-23580.0,-1996290.0,0.1903993992817776,-0.3977153536624958,52228.45,52400.0,-0.0032846082929897,1,1,4,0,4,0,0,0.0,0,0.0060879133891222,56.5,1.0
2024-07-22,0.9391516959961594,0.933983860307378,-0.0051678356887814,15860.058254863136,53310.33831954643,37450.28006468329,2.5539060000000013,3.50056,42494200.0,39908500.0,40964225.0,38259925.0,-1529975.0,-1648575.0,0.4842570353550582,-0.0026512918929523,24515.7,24500.0,0.0006404059439461,0.7827022143955723,0.7670995649359899,-0.0156026494595824,1081430.3291736566,1098743.0076390645,17312.678465407807,5.190466000000004,6.445620999999999,13117575.0,10267155.0,12005130.0,9209130.0,-1112445.0,-1058025.0,0.6256777052647203,0.0325092555762934,52309.8,52300.0,0.0001873453922592,1,1,1,1,0,0,0,0.0,0,0.0010013991034316,-132.2,1.0
2024-07-25,0.9964411269245276,1.001099850044121,0.0046587231195934,6045318.041504409,24639278.64626337,18593960.60475896,-7.419659999999999,-8.30146,182880925.0,182230075.0,153611850.0,153780800.0,-29269075.0,-28449275.0,0.5405929203357306,0.0625454992873914,24397.5,24400.0,-0.0001024695153191,1.002061798433336,1.0297015321790808,0.0276397337457448,209658.462183151,241866.698551989,32208.236368838,1.2418429999999994,1.264424,11887680.0,11912190.0,10843380.0,11165445.0,-1044300.0,-746745.0,-0.0267350770107796,0.0825862879233284,50897.9,51000.0,-0.0020059766709431,1,1,5,0,3,0,0,0.0,0,-0.016567271236807,-156.25,1.0
2024-07-30,0.8435970240902259,0.9249957412652628,0.081398717175037,6046172.732767885,-1177464.8932976108,-7223637.626065495,1.8214559999999995,-2.451187000000001,55451950.0,46779100.0,51952050.0,48055425.0,-3499900.0,1276325.0,0.5465581337275133,-0.4658745864011059,24847.5,24850.0,-0.0001006137438374,0.7384555814179562,0.8272788235740411,0.0888232421560849,1924517.8717578228,-708335.3403704108,-2632853.2121282336,6.032076,-1.8232190000000017,27465870.0,20282325.0,24515610.0,20281245.0,-2299575.0,-1294710.0,1.0926661580419788,-0.7965216754328472,51462.35,51500.0,-0.0007316028125416,1,1,0,0,1,0,0,0.0,0,0.0155689707214004,4.8,1.0
2024-08-01,0.8120753289251754,0.8459393561407983,0.0338640272156228,21863235.191331923,-11725258.697361074,-33588493.888693,-5.268174,8.976136,206027100.0,167309525.0,166432350.0,140791675.0,-39594750.0,-26517850.0,-0.1054734318817477,0.0603913036522828,25018.7,25000.0,0.0007474409141962,0.5667165565777469,0.5800931178706898,0.0133765612929429,1425502.2730996646,1388514.110980408,-36988.162119256565,0.9797349999999998,1.679875000000001,17969565.0,10183650.0,17490735.0,10146255.0,-478830.0,-37395.0,-0.3842718005919989,-0.0051382180659775,51571.65,51600.0,-0.0005497206313933,1,0,5,0,3,0,0,0.0,0,0.024829427588164,84.2,1.0
2024-08-02,0.6602952387552845,0.5877487132386374,-0.072546525516647,1165402.1734427654,2158347.6876350334,992945.514192268,6.121352,5.924498,41483375.0,27391275.0,43986400.0,25852950.0,2503025.0,-1538325.0,-0.2817991606497161,-0.0287042652112332,24727.9,24800.0,-0.0029157348581965,1.0430038631336225,0.8990843923708176,-0.1439194707628048,-622328.4574859659,-556956.71367878,65371.74380718591,4.731298000000001,4.555527000000001,15989610.0,16677225.0,15319335.0,13773375.0,-670275.0,-2903850.0,0.5648994176062925,-0.2076832097308978,51341.7,51500.0,-0.0030832637018252,1,0,4,0,4,0,-1,0.0,0,-0.0048993242450834,-213.8,1.0
2024-08-05,0.9741897713554348,1.1216748278714554,0.1474850565160207,-2494770.922137608,-3984166.549761654,-1489395.6276240463,2.2914189999999977,-0.421365999999999,30959625.0,30160550.0,25899975.0,29051350.0,-5059650.0,-1109200.0,-1.038978118989295,-0.1243832749140353,24048.85,24200.0,-0.0062851238208896,0.8076638255923098,0.9438567103212284,0.1361928847289185,828835.7378485303,-699520.8355452606,-1528356.573393791,2.976238000000002,0.6640830000000015,15900675.0,12842400.0,13396080.0,12643980.0,-2504595.0,-198420.0,-0.9605899667768872,-0.2384428902385765,50081.0,50200.0,-0.0023761506359697,0,1,1,1,0,0,0,0.0,0,-0.0322032030637639,-396.3,1.0
2024-08-06,0.9686323815212984,1.136795221211902,0.1681628396906036,-4466217.920724567,-4710996.006507052,-244778.08578248508,1.9765660000000016,-1.835604,37163325.0,35997600.0,31095750.0,35349500.0,-6067575.0,-648100.0,-1.47281486579491,-0.0239790152339726,23973.55,24100.0,-0.0052745630079817,0.7667107427204426,0.7942448566720507,0.027534113951608,-1614735.6589118375,-1485740.858543728,128994.80036810949,-0.9302100000000024,-4.692273999999998,19262160.0,14768505.0,18387900.0,14604495.0,-2264835.0,-58410.0,-1.7045729817272544,0.0549209028352723,49735.15,50000.0,-0.0053252076247884,0,1,0,0,1,0,0,0.0,0,-0.0364547595162168,288.9,1.0
2024-08-12,0.8604168656982999,0.7371631234716357,-0.1232537422266641,1981111.9459364093,789494.8558551919,-1191617.0900812177,1.248567000000001,4.707230000000001,48149800.0,41428900.0,45176975.0,33302800.0,-2972825.0,-8126150.0,0.4712273517640159,-0.2746515652681458,24345.7,24350.0,-0.0001766225657918,1.1628269457325269,0.9934805836360368,-0.1693463620964898,287247.0778497255,-31569.47286578163,-318816.5507155071,1.722375999999997,3.477812,17736315.0,20624265.0,16439355.0,16332180.0,-1296750.0,-4292085.0,0.9123000365039344,-0.2669182084938765,50591.75,50500.0,0.0018135367920659,1,0,1,1,0,0,-1,0.0,0,0.0121931182919366,-72.8,1.0
2024-08-22,0.7878677076310546,0.8008917263122235,0.0130240186811688,7173577.58523242,-13443365.454079209,-20616943.039311625,1.6687319999999994,4.841466,197867800.0,155893650.0,166340275.0,133220550.0,-31527525.0,-22673100.0,-0.0898163195849892,0.0179390997796799,24810.6,24800.0,0.0004272367455844,0.8731593015397513,0.8836526387574315,0.0104933372176801,918678.3864221706,878324.2349000495,-40354.15152212104,1.6210389999999997,1.9870330000000005,19287855.0,16841370.0,17464470.0,15432525.0,-1823385.0,-1408845.0,0.222810179879658,0.031773272205736,51002.45,51000.0,4.803690803083165e-05,1,0,5,0,3,0,0,0.0,0,0.027208128783665,61.4,1.0
2024-08-28,0.9777466331366,0.8873322903928103,-0.0904143427437896,1726461.837482998,808845.0929120856,-917616.7445709126,3.2978109999999994,3.424836000000001,77880350.0,76147250.0,79646600.0,70673000.0,1766250.0,-5474250.0,0.2309122832950114,-0.1534540106301778,25050.45,25000.0,0.0020139358773994,0.8905311305125398,0.9332806936369672,0.0427495631244273,-917873.911313396,7382373.969677307,8300247.880990703,4.460928000000001,-13.266215,89173845.0,79412085.0,74563500.0,69588675.0,-14610390.0,-9823410.0,-0.0281280765083709,-0.0676045330207083,51145.4,51200.0,-0.0010675446863256,1,1,6,0,2,0,0,0.0,0,0.0113131700228938,6.55,1.0
2024-09-02,0.7123645258409897,0.6401581050655102,-0.0722064207754795,4921701.4453444965,4363668.776016981,-558032.6693275152,3.702351,3.9752740000000006,57204175.0,40750225.0,60181500.0,38525675.0,-3564550.0,-1014875.0,-0.1341528710492601,0.028093222015584,25280.1,25250.0,0.0011906598470733,0.8937979353738712,0.8967284845709634,0.0029305491970922,2316271.6849209247,1703557.0702181268,-612714.614702798,4.9842970000000015,4.696377000000002,26568975.0,23747295.0,23585400.0,21149700.0,-2983575.0,-2597595.0,0.1322301192987914,-0.0975851321040519,51443.25,51400.0,0.000840732263222,1,1,1,1,0,0,0,0.0,0,0.0107673624708761,64.55,1.0
2024-09-04,0.7463163548327589,0.7451675153014613,-0.0011488395312976,6167177.557711165,7343654.26120712,1176476.703495955,4.245326,6.362169,76569875.0,57145350.0,79220375.0,59032450.0,2650500.0,1887100.0,0.2977441153215736,0.1187440925806697,25210.1,25150.0,0.002383965156822,0.9122096360528574,0.9181948928767356,0.005985256823878,2053478.2774685705,-10291968.480983822,-12345446.758452391,2.1277880000000007,7.475235,94127130.0,85863675.0,77324940.0,70999365.0,-16802190.0,-14864310.0,0.031795513040533,-0.0468518838928638,51414.6,51400.0,0.0002839660329944,1,0,6,0,2,0,-1,0.0,0,0.006332779322573,-170.85,1.0
2024-09-06,0.6787831478509646,0.7001246840351545,0.0213415361841898,628906.8995128204,401611.5368019035,-227295.3627109169,3.297331,1.713369,51626650.0,35043300.0,47740675.0,33424425.0,-3885975.0,-1618875.0,-1.1061735474006087,0.0694561882443891,24853.05,24950.0,-0.0039009296645683,0.661476191949212,0.625147304233662,-0.0363288877155499,-226120.98867336856,32599.19423823955,258720.1829116081,4.970151000000001,3.3757449999999984,25215420.0,16679400.0,24655605.0,15413385.0,-559815.0,-1266015.0,-1.3659572809479292,-0.0725137371050957,50574.4,50900.0,-0.0064380397987914,1,1,4,0,4,0,0,0.0,0,-0.0156660852490942,-39.1,1.0
2024-09-09,0.7833923669367957,0.749994559421993,-0.0333978075148027,1782587.964818994,2987525.131919839,1204937.167100845,2.8291020000000007,2.528301000000001,54714600.0,42863000.0,51694875.0,38770875.0,-3019725.0,-4092125.0,0.3967222037434669,0.1562145480319489,24940.55,24900.0,0.0016258663100853,0.8647052511426949,0.8891621777618763,0.0244569266191814,2088656.861114539,1415999.359240334,-672657.501874205,4.375634,2.8787209999999988,26978985.0,23328870.0,24064890.0,21397590.0,-3308880.0,300360.0,1.2261896498725875,0.1362581990016136,51112.35,51000.0,0.0021980988939072,1,1,1,1,0,0,-1,0.0,0,-0.0136143749837112,-49.8,1.0
2024-09-12,0.947196443004583,0.8634907652694145,-0.0837056777351685,885758.9908125332,-8957718.93750241,-9843477.928314945,16.855904000000002,12.368092,180140800.0,170628725.0,166405775.0,143689850.0,-13735025.0,-26938875.0,0.9171452829246338,0.6201921744535518,25414.95,25250.0,0.0064902744250923,0.990600526502554,0.963113320064563,-0.0274872064379911,706293.2768888717,1108153.1638384825,401859.8869496108,4.870068999999999,6.738648999999999,12723585.0,12603990.0,11960415.0,11519235.0,-763170.0,-1084755.0,0.7193654427232281,0.5601537441192213,51855.05,51500.0,0.006846970545781,1,0,5,0,3,0,0,0.0,1,0.0103187297240403,128.1,1.0
2024-09-18,0.7257267418087124,0.7043070496721493,-0.0214196921365631,3217080.679621989,4680137.73194673,1463057.0523247411,1.268424999999997,2.3815740000000005,50440025.0,36605675.0,53206375.0,37473625.0,2766350.0,867950.0,-0.2454845218760708,0.1813596248875021,25382.35,25350.0,0.0012745076795489,0.8945289380395276,0.8060294667282509,-0.0884994713112766,5913333.806394704,5361540.583294376,-551793.2231003279,-0.8702539999999992,10.15813,82367190.0,73679835.0,74889210.0,60362910.0,-7477980.0,-13316925.0,1.1526861198617189,0.0115555799717144,52794.45,52800.0,-0.0001051246864017,1,1,6,0,2,1,-1,0.8887,0,0.0189777542268543,-19.7,1.0
2024-09-30,0.7341879335136469,0.7825028128633772,0.0483148793497303,-2268535.909715109,-2241225.4313637465,27310.478351362515,1.6764189999999992,-2.1347000000000005,56244625.0,41294125.0,53104250.0,41554225.0,-3140375.0,260100.0,-1.128634871004958,0.0344916454646449,25812.25,25950.0,-0.00533661342967,0.7667318347620184,0.7951135150540887,0.0283816802920702,-216840.1161840852,-173592.2590818592,43247.85710222594,-0.6831619999999994,-3.2658120000000004,25434225.0,19501230.0,23999460.0,19082295.0,-1434765.0,-418935.0,-1.1559702132578598,-0.0266907606583874,53000.45,53200.0,-0.0037650623721119,1,1,1,1,0,0,0,0.0,0,-0.0049007738573739,-97.25,1.0
2024-10-01,0.7745671520675382,0.7123903736443657,-0.0621767784231724,-4818523.8512262255,-2267376.747914197,2551147.1033120286,-0.2322170000000003,0.1390329999999995,64573775.0,50016725.0,71398775.0,50863800.0,6825000.0,847075.0,-0.5329090656327716,0.1182175357952632,25788.05,25850.0,-0.0024022754725541,0.7881454221590072,0.8432183516465568,0.0550729294875496,11378995.11895444,6341394.909428524,-5037600.209525915,-13.702756,-3.5128569999999995,63022995.0,49671285.0,51427320.0,43364460.0,-11595540.0,-6306825.0,-0.5221976334567789,0.0936377411171833,52912.8,52900.0,0.0002419074401657,1,0,0,0,1,0,0,0.0,0,-0.006053191303724,83.35,1.0
2024-10-07,0.8713506959536967,0.9337008314268376,0.0623501354731407,-1024947.7972870443,-2434690.906361792,-1409743.109074748,1.233988,-1.7875979999999991,30598300.0,26661850.0,28258650.0,26385125.0,-3995800.0,729250.0,-1.1975737982956045,-0.1551377804820553,24778.15,25000.0,-0.0089534529414019,0.8998181133748236,1.6796161349129524,0.7797980215381287,213023.00950178647,-1142157.3802385204,-1355180.389740307,2.103057,-5.336352999999999,12790935.0,11509515.0,6105270.0,10254510.0,-6850050.0,-1344375.0,-1.6681009891990737,-0.8741109173886948,50401.5,50900.0,-0.009890578653413,0,1,1,1,0,0,0,0.0,0,-0.0571874817127186,96.5,0.8
2024-10-08,0.904368126663386,0.7045139428451124,-0.1998541838182737,921835.7112933986,4152295.451384843,3230459.740091444,5.5663930000000015,6.669281999999999,41303175.0,37353275.0,49873250.0,35136400.0,8570075.0,-2216875.0,0.7698221640175233,0.1672059977892764,25010.95,25000.0,0.0004378082399909,0.9653894216693684,0.8696115823750111,-0.0957778392943571,39406.47391263046,869919.9487652582,830513.4748526277,5.337199999999999,2.8265259999999977,21006150.0,20279115.0,20761545.0,18054480.0,-244605.0,-2224635.0,0.9750326693858098,0.0366677810796296,51017.15,51000.0,0.0003361614672713,1,1,0,0,1,0,0,0.0,0,-0.0320379673702917,0.3,0.8
2024-10-09,0.6242337144453327,0.7270487417053295,0.1028150272599968,3558789.6897569187,1627731.3223278988,-1931058.36742902,10.331003,4.758044,64886875.0,40504575.0,58912075.0,42831950.0,-5974800.0,2327375.0,-0.121684593533561,-0.252253907638711,24971.15,25000.0,-0.0011553332545757,0.8071143632933719,0.8524744660269079,0.0453601027335359,-1359921.4831862852,-7186869.56943531,-5826948.086249025,8.242937000000001,10.39394,71451510.0,57669540.0,63187875.0,53866050.0,-8263635.0,-3803490.0,-0.2664343504979069,-0.0850989654942733,51014.75,51000.0,0.0002891320647459,1,0,6,0,2,0,0,0.0,0,-0.0327137516694264,53.85,0.8
2024-10-15,0.5827762251955473,0.5661395978768535,-0.0166366273186937,2605362.348063397,4733643.784915773,2128281.436852376,3.850101,4.474564000000001,64051000.0,37327400.0,62760625.0,35531275.0,-1290375.0,-1796125.0,-0.6296984274407922,0.0667040795336335,25052.65,25050.0,0.000105777233147,0.8267353019184392,0.7704649189568317,-0.0562703829616075,2158521.855159342,3108276.117497897,949754.262338555,2.796014,3.259893999999999,28108005.0,23237880.0,28144260.0,21684165.0,-639540.0,-455400.0,-0.1972331528811963,0.1248043301508494,51905.85,51800.0,0.0020392691767883,1,1,0,0,1,0,0,0.0,0,0.0016644945744262,71.4,0.6
2024-10-18,0.9454598642639832,0.8922921015332088,-0.0531677627307742,1430869.50347976,879404.4651875303,-551465.0382922299,-0.3627519999999986,0.900753,32047500.0,30299625.0,32612975.0,29100300.0,565475.0,-1199350.0,0.7931713882627721,-0.0788337432553999,24842.85,24850.0,-0.0002878091684328,0.9160945763175492,0.9786031043223328,0.0625085280047837,1404402.973305887,738607.0834493523,-665795.8898565348,-2.238449000000001,-0.7580050000000007,15792960.0,14467845.0,15190755.0,14865720.0,-450975.0,-771525.0,1.8844630930823525,-0.1759111912111509,52065.25,52000.0,0.0012532351232347,1,1,4,0,4,0,0,0.0,0,-0.0048263383629495,-92.55,0.6
2024-10-21,0.6408258461498575,0.6326484968357459,-0.0081773493141116,2402973.6912483443,1547871.3195913709,-855102.3716569734,4.190713000000001,5.839671000000001,46284650.0,29660400.0,45717725.0,28923250.0,-566925.0,-737150.0,-0.4988790248417711,-0.1618914723062919,24791.25,24800.0,-0.0003529471083547,0.8707088827062931,0.8099212251418498,-0.0607876575644432,319469.3174060559,824199.2549241395,504729.9375180836,1.1956249999999995,4.076954000000001,24466530.0,21303225.0,23417370.0,18966225.0,-1049160.0,-2337000.0,-0.788799749629785,0.0169266412831079,51997.85,52000.0,-4.134786342130406e-05,1,1,1,1,0,1,-1,0.7102,0,-0.0133898048706701,113.1,0.8
2024-10-24,0.8988128368698243,0.9106890086744548,0.0118761718046304,7445296.418439134,34912519.78351111,27467223.36507197,3.1458310000000003,-2.230634,178810725.0,160717375.0,143905300.0,131052975.0,-34905425.0,-29664400.0,-0.2565103554559037,-0.0065573233006376,24398.6,24400.0,-5.738034149506346e-05,1.017732241644604,0.9726023927525096,-0.0451298488920942,-575894.1089807322,45472.33938752822,621366.4483682604,1.0657479999999993,0.3635350000000006,14934660.0,15199485.0,14212920.0,13823520.0,1786710.0,-1605180.0,0.0517880479403834,0.1038138226793815,51539.85,51500.0,0.0007731881253049,1,1,5,0,3,0,0,0.0,0,-0.0147856844245161,35.75,0.6
2024-10-28,1.0574741571266362,0.969367591420207,-0.0881065657064291,-2160929.5080125704,-4231969.655304496,-2071040.1472919253,1.2893419999999995,0.6845929999999996,50860250.0,53783400.0,49657375.0,48136250.0,-1202775.0,-5647175.0,0.6073988854044863,-0.2227618784134048,24343.9,24400.0,-0.0023044787400539,0.8198442599974344,0.7673070537189343,-0.0525372062785001,121216.63495034068,669462.5154700904,548245.8805197498,-0.4687750000000008,-2.885895000000001,22100295.0,18118800.0,21772770.0,16706400.0,-327525.0,-1412400.0,0.3287627295325125,-0.0060429792277434,51296.1,51300.0,-7.602917180841146e-05,1,0,1,1,0,0,0,0.0,0,-0.018376266744441,78.55,0.4
2024-10-29,0.91997199671381,1.0262640211277514,0.1062920244139414,1692713.42384308,3832016.3473083614,2139302.9234652827,-0.2533429999999992,0.7028629999999989,56600500.0,52070875.0,55434200.0,56890125.0,-1166300.0,4819275.0,0.5572326034573847,0.1645245057614301,24474.25,24450.0,0.0009908373085998,0.9161292951921194,0.9258900727406328,0.0097607775485134,1611552.3447859604,2320115.862412964,708563.5176270036,4.491371999999998,4.782641,22819410.0,20905530.0,23924730.0,22151670.0,1105320.0,1246140.0,1.720783612993523,0.1655220450487859,52345.4,52000.0,0.0065984785673622,0,1,0,0,1,0,0,0.0,0,0.0010173958343974,-45.25,0.4
2024-11-14,0.8607078212167332,0.9284135612824096,0.0677057400656765,7310379.993461297,-3280662.3107172223,-10591042.30417852,0.080570999999999,19.550894,150809975.0,129803325.0,116632775.0,108283450.0,-34177200.0,-21519875.0,-0.2671638470746481,0.0146579596969869,23540.15,23550.0,-0.0004184340371662,1.4479614942081622,1.3509179445301394,-0.0970435496780228,-797804.1088632192,-607573.4640887624,190230.6447744568,2.512267,2.033353,7326690.0,10608765.0,7439175.0,10049715.0,112485.0,-559050.0,-0.181487841907467,0.1104072001053178,50187.95,50500.0,-0.0062176279365864,0,1,5,0,3,0,0,0.0,2,-0.0279777316627123,55.95,0.4
2024-11-21,0.945939797868341,0.8981505276767545,-0.0477892701915865,7165702.742229788,-21071734.16313187,-28237436.90536166,-3.271739,9.029569,164850475.0,155938625.0,144266825.0,129573325.0,-20583650.0,-26365300.0,-0.4616844552016804,0.0739122051545729,23355.75,23350.0,0.0002461920512079,1.3113942916571248,1.180550817078296,-0.1308434745788287,-626885.9816750186,-71050.46931472432,555835.5123602942,2.149509000000002,3.513634000000001,11855805.0,15547635.0,12134700.0,14325630.0,278895.0,-1222005.0,-0.0301823850041145,0.0558145447539264,50373.4,50500.0,-0.0025132311894769,0,1,5,0,3,0,0,0.0,0,-0.0220523853868961,-45.8,0.4
2024-11-25,0.6467201374730682,0.7458859834238412,0.0991658459507729,3172117.7764903605,685466.3996556232,-2486651.376834737,0.0494720000000015,-2.669766000000001,61335650.0,39667000.0,58912925.0,43942325.0,-2324525.0,3923325.0,-0.1624212082161693,-0.1113436498036021,24222.25,24200.0,0.0009185769282374,0.6383872170596727,0.664868174247563,0.0264809571878902,1888809.3902744525,1898626.447244207,9817.056969754398,1.2348290000000013,4.668682,20314575.0,12968565.0,18840780.0,12526635.0,-1530750.0,-227670.0,0.2764183868703669,0.0903194258675958,52195.35,52000.0,0.0037426705635655,1,1,1,1,0,0,0,0.0,0,0.028160059449473,368.6,0.6
2024-12-02,0.9411798227426214,0.9356122591953218,-0.0055675635472995,3683240.189782736,1621594.4231371705,-2061645.766645565,-2.863821999999999,-1.8487260000000028,77649800.0,73082425.0,75652600.0,70781500.0,-1997200.0,-2300925.0,1.0202341943746716,-0.0749163879598692,24275.55,24200.0,0.003112184893854,1.001864975755315,1.0508504492939663,0.0489854735386514,-242972.397429008,-161523.05581988284,81449.34160912514,0.5654570000000003,0.2696139999999989,6997410.0,7010460.0,6543600.0,6876345.0,-453810.0,-134115.0,0.6168602027790554,-0.1156588915527916,52118.95,52300.0,-0.0034737844872163,0,0,1,1,0,0,0,0.0,0,0.0021956248159155,-78.85,0.6
2024-12-03,0.8918807922194223,0.8587130707219341,-0.0331677214974881,5030803.461247863,5996020.087061488,965216.6258136248,2.2379779999999982,4.200035,90031875.0,80297700.0,86817125.0,74551000.0,-3214750.0,-5746700.0,0.52202364314957,0.0243300048250983,24461.35,24400.0,0.0025080381908602,1.098190050084424,1.033857193120875,-0.0643328569635488,177878.80234518822,-178763.54680351535,-356642.3491487036,2.440631999999999,2.9099410000000017,8421780.0,9248715.0,8441190.0,8726985.0,19410.0,-521730.0,0.7856639261414713,-0.1218978143702843,52684.8,52600.0,0.0016095724003887,0,0,0,0,1,0,0,0.0,0,0.0105268106625349,52.85,0.6
2024-12-05,0.6270744288103691,0.6273048241757727,0.0002303953654035,14491365.055351684,2753241.174881148,-11738123.880470537,-15.370635,39.555384,158153475.0,99174000.0,149561300.0,93820525.0,-8592175.0,-5353475.0,1.2834720070857315,-0.2554968083048611,24751.0,24700.0,0.0020605228071593,0.654766400166671,0.6290630703005652,-0.0257033298661057,1137623.6030199225,1037152.0779305096,-100471.5250894127,4.495520000000001,4.821199,9215760.0,6034170.0,9485130.0,5966745.0,269370.0,-67425.0,0.9875418947210248,-0.2321302904463995,53659.6,53300.0,0.0067015035520204,1,1,5,0,3,0,0,0.0,2,0.0337521716294291,32.0,0.4
2024-12-06,0.7724627830215398,0.7714224290758808,-0.001040353945659,1479846.8925545816,1689425.128598154,209578.23604357243,1.6524729999999987,1.7205329999999996,48549750.0,37502875.0,46748025.0,36062475.0,-1801725.0,-1440400.0,-0.0546701466577304,0.0237033555442642,24685.9,24700.0,-0.0005711762585118,0.8281542368350708,0.8093539680075392,-0.0188002688275316,141469.8373530363,209592.9224601082,68123.0851070719,1.916832999999999,1.839325999999998,11223000.0,9294375.0,11014470.0,8914605.0,-208530.0,-379770.0,-0.1227640569976033,-0.0013076058763753,53532.25,53400.0,0.0024704734062177,1,1,4,0,4,0,0,0.0,0,0.0226303274338793,-57.45,0.4
2024-12-09,0.7430177689980079,0.7535412818734916,0.0105235128754836,3771946.489925202,1745990.3836385163,-2025956.1062866857,3.4094680000000004,3.7082710000000016,74729875.0,55525625.0,70343525.0,53006750.0,-6294875.0,357025.0,-0.1066941448038446,-0.0578713104501372,24609.35,24650.0,-0.00165181120184,0.9097657389966308,0.8687740932478094,-0.0409916457488213,-91240.04818042072,-379533.31493951246,-288293.26675909176,2.439955000000001,2.33193,11307900.0,10287540.0,11346540.0,9857580.0,-1385940.0,1860.0,-0.1885161102375813,-0.1483661481958837,53369.55,53400.0,-0.0005705500608492,1,0,1,1,0,0,0,0.0,0,0.0135639502871875,-36.0,0.4
2024-12-10,0.6406667289488421,0.661941344327018,0.0212746153781758,3020438.567413071,7853564.491227199,4833125.923814128,1.7340429999999998,4.575635999999999,95800550.0,61376225.0,87662450.0,58027400.0,-8138125.0,-3348575.0,-0.3580867934180266,0.2823650209634607,24612.0,24600.0,0.000487567040468,0.8834409806483728,0.7047350051594753,-0.1787059754888975,-66663.61543348338,274471.86026894936,341135.47570243274,1.8684660000000013,2.521668000000002,12053250.0,10648335.0,12166935.0,8574465.0,113685.0,-2073870.0,-0.0052389327545614,0.2338931800490989,53568.2,53500.0,0.0012731433947752,1,1,0,0,1,0,0,0.0,0,0.0061209978872095,21.55,0.2
2024-12-13,0.8089523972566097,0.8206934736779279,0.0117410764213181,3373216.475233853,4457519.271839439,1084302.796605586,2.967929,2.9611459999999994,46730500.0,37802750.0,46913100.0,38501275.0,182600.0,698525.0,0.9030450237691788,0.1333955846061495,24771.45,24650.0,0.0049028215950217,0.7198930349787914,0.666586505610038,-0.0533065293687534,817850.6711451657,1108089.1697071218,290238.4985619561,3.107752999999999,3.613191000000001,15128310.0,10890765.0,14158995.0,9438195.0,-969315.0,-1452570.0,0.5573258885348168,0.2211713105475213,53606.25,53400.0,0.0038474991255683,1,1,4,0,4,0,0,0.0,0,0.0034535725603466,-32.85,0.0
2024-12-16,0.6622631054615099,0.7568478167255189,0.094584711264009,4556755.389621735,2547055.515888212,-2009699.8737335235,-0.2831670000000024,0.9866700000000002,77692800.0,51453075.0,65311875.0,49431150.0,-12380925.0,-2021925.0,-0.2247636141665698,-0.0682697567003567,24664.65,24650.0,0.0005939674797737,0.640787183506265,0.6638397255340448,0.0230525420277798,1616595.241774917,780021.1026425104,-836574.1391324067,-0.0429880000000011,0.2999319999999983,15598650.0,9995415.0,15118815.0,10036470.0,-479835.0,41055.0,0.315635500348159,-0.1665918183664711,53574.7,53500.0,0.0013943148538395,1,1,1,1,0,0,0,0.0,0,0.0022420751966884,-34.35,0.0
2024-12-23,0.9286951170259824,0.9482928144475378,0.0195976974215554,-1456569.5962466071,569766.9216155838,2026336.517862191,-0.1716650000000008,0.496181,64996250.0,60361700.0,60641475.0,57505875.0,-4354775.0,-2855825.0,-0.0707101955263143,0.0825536019273677,23761.75,23800.0,-0.0016097299230906,0.7888309971481681,0.7942068811077115,0.0053758839595434,1036651.3668219044,2187583.97753474,1150932.610712835,1.0259080000000012,4.072701,24168675.0,19065000.0,22238280.0,17661795.0,-1930395.0,-1403205.0,0.199042018678874,0.1223866071019339,51334.7,51300.0,0.000675956029742,1,1,1,1,0,0,0,0.0,0,-0.0379980430734268,219.65,0.4
2024-12-26,0.8411284989135009,0.8662605104746894,0.0251320115611884,12422887.350820571,-11228064.768678471,-23650952.119499043,1.2575079999999996,4.228113,151357700.0,127311275.0,129941800.0,112563450.0,-21415600.0,-14747825.0,-0.1828126674469475,0.0151570331791758,23754.95,23750.0,0.0002083776223482,1.0278766076523187,1.0330099867113562,0.0051333790590375,-86688.41251686342,-285865.9487044678,-199177.5361876044,1.9507829999999995,1.4927220000000003,4936935.0,5074560.0,4819905.0,4979010.0,-243795.0,-123915.0,-0.8792073375152448,0.0286414752021549,51164.25,51500.0,-0.0065621991918185,0,1,5,0,3,0,0,0.0,0,-0.018284610154936,75.9,0.6
2025-02-06,0.6532422622554136,0.6719695503770662,0.0187272881216525,11304639.248275584,13775417.987847714,2470778.7395721283,8.163876,7.201784000000001,137244450.0,89653875.0,113952150.0,76572375.0,-14015625.0,-19586550.0,-0.6234285196417981,0.0854691791353465,23595.9,23600.0,-0.0001737590005042,1.029572193687168,1.036877173631667,0.0073049799444993,-89841.94151012693,-115238.01122055664,-25396.06971042973,0.568676,1.530171000000001,5466960.0,5628630.0,5330940.0,5527530.0,-136020.0,-101100.0,-0.0128033348220874,0.0072462257586335,50374.7,50300.0,0.0014828872430008,0,0,5,0,3,0,-1,0.0,0,-0.0009154132709495,27.8,0.6
2025-02-12,1.29628748362216,0.841370250557769,-0.454917233064391,-3124618.473733616,3553134.334323577,6677752.808057193,-4.326044,1.5475959999999986,24270600.0,31461675.0,31229325.0,26275425.0,6958725.0,-5186250.0,-0.2232791879494365,0.2614015210001915,23051.55,23000.0,0.0022362921365374,1.283141413985705,1.1215212500385243,-0.1616201639471806,-309120.0372718652,5567.50831640145,314687.5455882666,-0.4942240000000026,-0.8505050000000018,5838390.0,7491480.0,6813870.0,7641900.0,975510.0,150420.0,0.0594565307824579,0.425480135472232,49518.8,49600.0,-0.001639781254796,0,1,6,0,2,0,0,0.0,0,-0.0279503981294099,-30.5,0.6
2025-02-17,1.202888614093727,0.9673964192892152,-0.2354921948045117,-706626.8703089004,2304715.1715487456,3011342.041857646,-3.552812000000003,-1.5261879999999977,18377325.0,22105875.0,20719350.0,20043825.0,2342025.0,-2062050.0,0.6961551054670654,0.2561981847900363,22970.65,22950.0,0.0008989732550015,1.017816830916013,1.0008170305478643,-0.0169998003681486,120118.92016577604,213164.6223898407,93045.70222406463,-2.194462000000001,-2.0109749999999984,7162890.0,7290510.0,7270230.0,7276170.0,107340.0,-14340.0,0.7135486105631459,0.2765595905534274,49275.4,49400.0,-0.0025286451251536,0,1,1,1,0,0,0,0.0,0,-0.0178358035144846,-179.85,0.4
2025-02-24,1.2625599193203505,1.2536026970142171,-0.0089572223061331,-6233927.377867244,-8745833.258445673,-2511905.8805784285,-6.001883999999999,-5.340077000000001,35250525.0,44505900.0,32569350.0,40829025.0,-6450525.0,194100.0,-0.410980662069321,-0.0786367271172661,22554.4,22600.0,-0.0020217784556449,1.0510093767236623,1.064526842001002,0.0135174652773397,-673772.3660888376,-1024144.8983352818,-350372.53224644414,-6.560735000000001,-5.416355000000001,10878000.0,11432880.0,10298040.0,10962540.0,-579960.0,-470340.0,-0.0715291432512172,-0.0645968958572837,48655.1,48900.0,-0.0050333880723706,1,1,1,1,0,0,1,0.0,0,-0.0184553789947859,-145.45,0.2
2025-03-05,0.8067808129376477,0.808188718827195,0.0014079058895473,6351585.334710218,5195271.430098792,-1156313.9046114264,1.6610569999999978,1.5237880000000033,56059650.0,45227850.0,48335400.0,39064125.0,-7724250.0,-6163725.0,0.930327128140256,-0.0129824200126307,22335.0,22300.0,0.0015670472352809,1.1960297363978705,1.232625765763733,0.0365960293658624,134690.91534417344,-3141.725447809644,-137832.64079198308,1.8044139999999995,1.4681700000000006,5544720.0,6631650.0,5318220.0,6555375.0,-226530.0,-76275.0,0.3045845873581948,-0.061123623301194,48478.6,48500.0,-0.0004414318895347,0,0,6,0,2,0,0,0.0,0,-0.0097336019700023,49.95,0.6
2025-03-06,0.9640482757258804,0.853031431478602,-0.1110168442472782,46855.8462201716,-795190.278275406,-842046.1244955775,2.576170000000001,7.272573999999999,91151400.0,87874350.0,92947425.0,79287075.0,1796025.0,-8587275.0,0.3877168798255798,0.039265273525882,22547.85,22550.0,-9.535277199384666e-05,1.085024520553407,1.1208352984331604,0.0358107778797534,203453.15444372463,225118.2339630604,21665.079519335675,3.1829780000000003,2.790375000000001,6019440.0,6531240.0,5724900.0,6416670.0,-294420.0,-114990.0,-0.1509149797737053,-0.056614436167486,48634.95,48600.0,0.000718619017805,0,0,5,0,3,0,0,0.0,0,0.0002284031515198,116.95,0.6
2025-03-12,0.9134422513552344,1.0296254586406075,0.1161832072853732,3608663.826631201,2917839.1798620266,-690824.6467691744,-0.8935169999999992,-1.3325780000000016,60086475.0,54885525.0,49548600.0,51016500.0,-10537875.0,-3869025.0,-0.4575111217560685,0.1381292399549966,22473.75,22450.0,0.0010567884754435,1.175419554941764,1.014977406018652,-0.160442148923112,-567601.8377651016,-428619.0715087789,138982.7662563227,1.598908999999999,1.376373000000001,7863690.0,9243135.0,7800750.0,7917585.0,-62970.0,-1325550.0,0.0435557769235689,0.1029051970249179,48054.75,48300.0,-0.0051035537589936,1,0,6,0,2,0,0,0.0,0,0.0061738695144335,46.4,0.8
2025-03-13,0.8564028720528999,0.8196258271202976,-0.0367770449326022,13020453.931311509,25600894.564786863,12580440.633475356,0.9750430000000004,-1.735518,122348025.0,104779200.0,106238325.0,87075675.0,-16109700.0,-17703525.0,-0.4332630484388087,-0.0292330453915684,22399.6,22400.0,-1.7857461740453187e-05,0.9553919765711202,0.9408522517373332,-0.0145397248337868,-289000.6060659705,-233143.00009672955,55857.60596924095,2.6502479999999995,2.410909,8727690.0,8338365.0,8608020.0,8098875.0,-119970.0,-239490.0,-0.1980364499163829,0.0103998643857684,48082.55,48300.0,-0.0045224306947114,1,0,5,0,3,0,-1,0.0,0,-0.0066184217575313,29.9,0.6
2025-03-18,0.9102299388098032,0.6754120399095688,-0.2348178989002343,3510351.877848993,7224558.052578626,3714206.1747296327,-0.1122019999999999,-0.5196100000000001,37849200.0,34451475.0,42065100.0,28411275.0,4215900.0,-6040200.0,0.7999734668833602,0.214090018710938,22842.95,22800.0,0.0018802300053189,1.0258496195638345,1.0013229513153916,-0.0245266682484428,597130.6326387624,964091.556550064,366960.92391130165,1.7494270000000007,2.041145,9431280.0,9675075.0,9127320.0,9139395.0,-303960.0,-535680.0,1.087502452221485,0.1896981797306398,49303.1,49000.0,0.0061476864537929,0,1,0,0,1,0,0,0.0,0,0.0163420223745181,102.75,0.6
2025-03-20,0.9226851344689708,0.7540672267919749,-0.1686179076769959,12854692.55985562,35579385.66783627,22724693.10798065,-9.938272,-7.967461,109542000.0,101072775.0,102084300.0,76978425.0,-7457700.0,-24094350.0,0.8134180290639997,-0.0480707048933022,23183.85,23200.0,-0.0006966056112337,0.764510771648564,0.920890520894007,0.156379749245443,545841.8568411489,309371.10924567666,-236470.74759547223,2.669926,2.059019,9582795.0,7326150.0,10326765.0,9509820.0,743970.0,2183670.0,0.2809326122029011,-0.1135752346106938,50042.05,49900.0,0.0028386127266969,1,1,5,0,3,0,-1,0.0,0,0.030629080157092,96.3,0.6
2025-03-27,1.057664583468489,0.9214878592004646,-0.1361767242680244,1987254.511365552,21392613.596272755,19405359.084907204,0.1818379999999999,-7.575259,83237400.0,88037250.0,70244550.0,64729500.0,-12992850.0,-23307750.0,0.6425699386424621,-0.0599489903996943,23589.25,23600.0,-0.0004557160571022,1.0179976849338273,1.009812770032415,-0.0081849149014121,1757400.173273453,3967852.925297888,2210452.7520244345,-4.479699,-29.617779,27627720.0,28124955.0,26691240.0,26953155.0,-936480.0,-1171800.0,0.9460666733132704,-0.1970453843450104,51536.1,51600.0,-0.0012399075599434,0,1,5,0,3,0,0,0.0,0,0.0171857943766758,-48.75,0.6
2025-04-02,0.9308259932472084,0.7590426762185295,-0.171783317028679,5278690.797037984,9957773.848813184,4679083.051775199,5.574097,5.6584520000000005,56998650.0,53055825.0,61286475.0,46519050.0,4287825.0,-6536775.0,0.449915640817353,0.1244167962674961,23337.75,23300.0,0.0016175509635676,1.0049019024616592,0.9812281696868376,-0.0236737327748215,-89268.59688444786,-86218.11250702756,3050.484377420304,2.0923630000000006,2.1031720000000007,5042940.0,5067660.0,5024550.0,4930230.0,-248370.0,-223140.0,0.460502524972887,0.2083686955300147,51362.1,51400.0,-0.0007378981778393,1,0,6,0,2,0,-1,0.0,0,-0.0142494456406465,29.85,0.6
2025-04-07,1.3908480563462442,1.0470690660468531,-0.3437789902993908,-2408903.1410426265,-89440.82836647541,2319462.312676152,1.840211000000004,-3.329512000000001,13885575.0,19312725.0,9389925.0,9831900.0,-4495650.0,-9480825.0,-0.1198550843071459,0.8384014690775571,22184.65,22200.0,-0.0006919198635091,1.5757523331699397,1.5291352171627506,-0.0466171160071888,-252819.1350666705,-396167.0854571592,-143347.9503904886,0.1461180000000013,-0.4666390000000007,3121290.0,4918380.0,3024690.0,4625160.0,-96600.0,-293220.0,-1.4767235736611004,0.7802742470121173,49907.45,50000.0,-0.0018544325546587,1,1,1,1,0,0,0,0.0,0,-0.061258572932185,-884.4,0.6
2025-04-11,0.8269004880469849,0.8103616667164968,-0.0165388213304881,1355920.822716199,1090180.511124145,-265740.3115920543,1.6428399999999996,0.3297039999999995,13600125.0,11245950.0,15051150.0,12196875.0,1451025.0,950925.0,0.3909147537303052,0.1122573148137933,22830.35,22850.0,-0.0008606963975585,0.9077361509963392,0.9304813324411282,0.022745181444789,78703.44117848779,102629.69031043068,23926.24913194288,0.8594229999999996,0.6108760000000011,6842550.0,6211230.0,6545580.0,6090540.0,-296970.0,-120690.0,0.4055197161558966,0.050117447442888,51005.8,51000.0,0.0001137125581797,1,1,4,0,4,0,-1,0.0,0,-0.0185148278497701,313.25,0.6
2025-04-15,1.044020081223214,0.907988564746827,-0.1360315164763871,113699.31519008597,3339631.7741433494,3225932.4589532632,5.294582,7.535926999999999,32059800.0,33471075.0,32583450.0,29585400.0,523650.0,-3885675.0,0.2259529905985465,0.0497649037306611,23321.2,23300.0,0.0009090441315198,0.8701974025751147,0.7987974158343145,-0.0713999867408001,56252.33628525666,147718.078272279,91465.74198702234,4.428114000000001,4.945358000000001,6992310.0,6084690.0,6905130.0,5515800.0,-87180.0,-568890.0,0.8660051563518734,-0.0141312660946077,52358.75,52100.0,0.0049418674051615,1,1,0,0,1,0,0,0.0,0,0.0175891463561052,426.7,0.8
2025-04-16,0.7175508957690867,0.7337890317401174,0.0162381359710307,8019206.08590313,3862473.0852900296,-4156733.000613101,8.666630000000001,13.183128999999996,42244425.0,30312525.0,39049950.0,28654425.0,-3194475.0,-1658100.0,0.5250650964801874,0.0422812213720803,23424.55,23350.0,0.0031825584696397,0.7034838751047006,0.6789254965899827,-0.0245583785147178,742927.5579849808,717278.8250600196,-25648.732924961136,5.5019860000000005,5.693357999999998,7485630.0,5266020.0,7543950.0,5121780.0,58320.0,-144240.0,1.1138688091028786,-0.0321064162931172,53087.6,52900.0,0.0035337819001047,1,1,6,0,2,0,0,0.0,1,0.0529316464990788,-28.85,0.6
2025-04-22,0.7459419742120399,1.0037509528224664,0.2578089786104265,3983657.104837423,3742592.314842193,-241064.78999523027,0.6493210000000005,0.759424000000001,39093825.0,29161725.0,37290525.0,37430400.0,-3589350.0,-4193325.0,0.1493381276188663,-0.0610111722831414,24161.15,24150.0,0.0004614846561526,0.8172858007435373,0.766221269359469,-0.0510645313840683,1917311.006044088,1562102.3860529894,-355208.61999109806,2.900646000000002,4.251350000000002,13532610.0,11060010.0,13125360.0,10056930.0,-407070.0,-1003080.0,0.5558181831304005,-0.1147479358380449,55666.9,55500.0,0.0029981910255466,0,1,0,0,1,0,0,0.0,0,0.05508015967783,25.45,0.8
2025-04-23,0.8575806763511494,0.6063778530234942,-0.2512028233276552,6937340.022981187,9945229.955065284,3007889.9320840966,-1.4616980000000002,5.523940000000001,51195300.0,43904100.0,56193675.0,34074600.0,4998375.0,-9829500.0,-0.0061749232251212,0.1832007015145964,24334.8,24300.0,0.0014300507914591,0.8004218992056429,0.7898679575898094,-0.0105539416158334,438804.71065740206,704077.1670273284,265272.45636992634,-1.2557150000000004,-1.0025010000000003,20023740.0,16027440.0,18541770.0,14645550.0,-1481640.0,-1381710.0,-0.9039136481027668,0.0483125378711599,55395.4,55400.0,-8.303938594176673e-05,1,1,6,0,2,0,-1,0.0,0,0.0416522839719249,130.65,0.8
2025-04-25,1.2063709805723983,1.1631343277903956,-0.0432366527820027,-1196627.2547852732,-1226343.9017361803,-29716.646950907307,1.977703000000001,1.5807029999999995,21213375.0,25591200.0,19714275.0,22930350.0,-1499100.0,-2660850.0,-1.1420449176947125,-0.0471653029591492,24052.95,24100.0,-0.0019561010187939,1.1975350595099956,1.185180517396382,-0.0123545421136135,-232458.5472111612,-201931.80286743224,30526.74434372896,6.292029999999999,6.274386000000002,3619560.0,4334550.0,3570570.0,4231770.0,-48990.0,-102780.0,-1.186550619474471,0.0110626346258688,54694.65,55000.0,-0.0055828129442276,1,1,4,0,4,0,0,0.0,0,0.0085623592948058,92.15,0.6
2025-04-28,1.2651164846206806,1.0218444592692868,-0.2432720253513938,-2333406.1479088613,2977823.3622242045,5311229.510133065,-0.9781429999999992,0.1663169999999993,32244600.0,40793175.0,30804150.0,31477050.0,-1440450.0,-9316125.0,0.6666556075793455,0.2078385409693107,24324.1,24300.0,0.0009907869150348,0.969845750444822,0.9547647727808024,-0.0150809776640197,-188941.93316748133,21686.384972225613,210628.3181397069,3.7078260000000007,3.871488000000001,4484940.0,4349700.0,4458030.0,4256370.0,-1380.0,-180930.0,1.076948642469486,0.1290854086515306,55422.4,55300.0,0.0022084933167816,0,1,1,1,0,0,0,0.0,0,0.0086210795055108,59.95,0.6
2025-04-29,0.6130049806891656,0.5980172005057423,-0.0149877801834233,10652460.710094204,6999539.049640233,-3652921.660453972,4.013382999999999,4.257237,71210025.0,43652100.0,68335200.0,40865625.0,-2874825.0,-2786475.0,-0.2583995200566699,-0.1231706591067253,24326.45,24300.0,0.0010872938714855,0.7979818064323706,0.8672007152868397,0.0692189088544691,232709.1434056394,-3947.418167620868,-236656.56157326023,4.791396999999998,4.918501999999998,5431590.0,4334310.0,4965840.0,4306380.0,-465750.0,-28050.0,-0.467390309925242,-0.166891501599975,55392.55,55400.0,-0.0001344946206664,1,0,0,0,1,0,0,0.0,0,0.0067950728528001,95.45,0.6
2025-04-30,1.100054003941659,0.9989038385962884,-0.1011501653453706,23987087.540804952,11762484.772887437,-12224602.767917518,-8.903457,-24.834811,107353275.0,118094400.0,95994075.0,95888850.0,-11359200.0,-22205550.0,0.2547615909315673,0.040880134924991,24349.4,24350.0,-2.4641264261071928e-05,0.9476878648083112,0.9481884667901164,0.0005006019818052,-21761.210481165734,-10934.850016758775,10826.360464406956,4.763956000000002,4.312058000000002,4903260.0,4646760.0,4811670.0,4562370.0,-91590.0,-84390.0,0.0449038649074027,-0.010608877000496,55136.65,55300.0,-0.0029626391882712,1,0,6,0,2,0,0,0.0,2,0.0005996040970209,-48.85,0.6
2025-05-06,0.7562953493990238,0.7091051902903711,-0.0471901591086526,-2855150.791330056,725124.3528148038,3580275.144144859,1.5276049999999994,5.004518000000001,61780725.0,46724475.0,56717925.0,40218975.0,-5062800.0,-6505500.0,-0.3150433721293917,0.031788481495002,24387.65,24400.0,-0.00050640385605,1.556949289943398,1.5041396450052205,-0.0528096449381776,-384961.77547062456,-490177.7191796185,-105215.94370899396,3.334495999999998,4.252476999999999,4144740.0,6453150.0,4080060.0,6136980.0,-64680.0,-316170.0,-0.9081663035154742,-0.2383571185068669,54284.45,54600.0,-0.0058128985372423,0,0,0,0,1,0,0,0.0,0,0.0026058271297153,8.65,0.6
2025-05-07,0.9341952479159806,0.8004031263515459,-0.1337921215644347,2619715.714368434,5522360.517000496,2902644.802632062,10.317619999999998,11.886582,64913625.0,60642000.0,65376525.0,52327575.0,462900.0,-8314425.0,0.2902146520402375,-0.0313335818175175,24407.05,24400.0,0.0002888509672409,1.242012204165519,1.211488124966153,-0.0305240791993659,-221200.3414437672,-170569.70011550523,50630.6413282619,4.888748999999999,5.697859000000001,5663640.0,7034310.0,4985670.0,6040080.0,-677970.0,-994230.0,0.3252087899342705,0.1872628248886202,54597.65,55000.0,-0.007369364798668,0,0,6,0,2,0,-1,0.0,0,0.0033023245332802,-43.6,0.6
2025-05-08,0.8434589785788406,1.0262673508144473,0.1828083722356067,43558322.23177281,-2133442.3832393484,-45691764.61501216,-10.691544,1.8703210000000008,136169100.0,114853050.0,100153800.0,102784575.0,-36015300.0,-12068475.0,-0.4053238396300699,-0.1193596897058914,24309.15,24350.0,-0.0016804372016297,1.2076791473846584,1.1830041231431558,-0.0246750242415025,-84088.63187864548,-204631.7062526167,-120543.07437397123,6.560180000000003,7.038123000000001,5348250.0,6458970.0,5769870.0,6825780.0,421710.0,366840.0,-0.4677988583339255,-0.2931649457832376,54467.8,54600.0,-0.002427122079467,1,1,5,0,3,0,0,0.0,0,-0.0016557551374688,30.2,0.4
2025-05-09,1.1406659645999762,1.1579228010570026,0.0172568364570264,-1777287.2920056237,-1398960.2668707022,378327.0251349216,5.181289999999997,5.245367999999999,17021175.0,19415475.0,15894000.0,18404025.0,-1127175.0,-1011450.0,-0.5718075460357953,0.0552375632105322,24000.55,24000.0,2.2916141505060194e-05,1.5135237317484442,1.4800069305289802,-0.0335168012194639,-228027.1647945873,-144316.3740806038,83710.7907139835,3.974999,3.8338,3967470.0,6004860.0,3982380.0,5893950.0,14910.0,-110910.0,-0.8282633408997467,0.0490074818088894,53589.5,54000.0,-0.0076600826654475,1,1,4,0,4,0,1,0.0,0,-0.0152746499559386,-183.9,0.4
2025-05-19,0.72348298938151,0.6577214054958862,-0.0657615838856238,1629588.4765691203,3344859.771483775,1715271.2949146547,1.910814000000002,3.779791,38508300.0,27860100.0,36471825.0,23988300.0,-2036475.0,-3871800.0,-0.1511332995702209,0.0218522706313531,24945.65,25000.0,-0.0021787365733103,0.9388496812800832,0.9182573273554604,-0.0205923539246228,211541.18971138232,375387.00363197376,163845.81392059143,0.6590649999999982,1.820148999999997,7379520.0,6928260.0,7173120.0,6586770.0,-206370.0,-341370.0,0.060605513204962,0.046126169063685,55417.1,55300.0,0.0021130661835425,1,1,1,1,0,0,-1,0.0,0,0.001531329109484,-46.25,0.4
2025-05-20,0.9592437420449724,0.9706082422610108,0.0113645002160382,-3065555.648138481,-1887245.202995821,1178310.4451426603,-1.5998549999999998,-3.2690259999999984,22627200.0,21705000.0,21720375.0,21081975.0,-906825.0,-623025.0,-1.222220888211203,0.045377381806089,24693.1,24750.0,-0.0023042874325216,0.9466634258608708,1.0110784239135029,0.0644149980526321,-738298.7001183229,-628223.7574500157,110074.9426683071,-1.318963,-2.131170000000001,7899270.0,7477950.0,7097580.0,7176210.0,-286620.0,-258090.0,-1.1575594570364036,0.1109401379048787,54910.25,55000.0,-0.0016344853647543,0,1,0,0,1,0,0,0.0,0,0.0054124431521355,41.65,0.4
2025-05-21,1.037107076627212,1.0099858902933947,-0.0271211863338174,54170.24968903902,1271209.2505867253,1217039.0008976862,3.131380999999997,6.053803000000002,32759250.0,33974850.0,30936150.0,31245075.0,-1823100.0,-2729775.0,0.1080423930077386,0.0962254216670688,24809.4,24800.0,0.0003788886470451,0.9137439473036286,0.7930145344097316,-0.120729412893897,-172784.39639886236,-8645.705104380439,164138.69129448192,0.966937999999999,2.163293000000001,8407410.0,7682220.0,7911570.0,6273990.0,-567360.0,-208920.0,-0.0420641410011837,0.1000693486948774,55066.9,55100.0,-0.0006010870413987,0,0,6,0,2,0,0,0.0,0,0.0056369763073674,65.7,0.4
2025-05-23,1.1041484926455412,0.998289015206038,-0.1058594774395033,-1790149.0696598524,387138.6800082168,2177287.749668069,0.0773149999999986,1.7872590000000006,27253875.0,30092325.0,27615675.0,27568425.0,361800.0,-2523900.0,0.7517134645147144,0.060799697209449,24850.75,24850.0,3.018017564862228e-05,1.0116512491697558,0.9426626745764604,-0.0689885745932954,1831.680157908253,353356.6631567953,351524.9829988871,0.1458049999999993,-0.0402550000000019,8084970.0,8179170.0,8065950.0,7603470.0,-121950.0,-407490.0,0.5360527257826824,0.1163087033612917,55391.25,55300.0,0.0016473721029946,1,1,4,0,4,0,0,0.0,0,-0.0069796686216714,44.1,0.2
2025-05-28,0.9036547436930468,1.0318343524883842,0.1281796087953375,2500841.5819617403,-82673.4656570435,-2583515.047618784,-2.129738999999997,-0.7304780000000015,38534850.0,34822200.0,35544150.0,36675675.0,-2990700.0,1853475.0,-0.1102406955442143,-0.1351787587765313,24748.5,24800.0,-0.0020809341980322,0.8166897059467084,0.9559421565122808,0.1392524505655724,491797.5228272752,135475.2671231039,-356322.25570417126,0.1563239999999979,-1.0670909999999978,11654010.0,9517710.0,9818910.0,9386310.0,-1835100.0,-131400.0,0.2706235187565498,-0.1057396910562096,55407.75,55400.0,0.0001398721298013,0,0,6,0,2,0,0,0.0,0,-0.0024607551972847,-22.45,0.2
2025-05-29,0.7147894702904859,0.7443709197898017,0.0295814494993158,7553325.717055817,-1526411.7945454563,-9079737.511601271,3.086082000000001,33.352658,93051000.0,66511875.0,82693350.0,61554525.0,-10357650.0,-4957350.0,-0.5151801322108169,0.3815190476767559,24850.75,24800.0,0.0020421918855567,0.7907934586896616,0.8594346051215427,0.0686411464318811,1311300.071942096,-1339846.443285867,-2651146.515227963,3.7538579999999975,51.815431,20227140.0,15995490.0,18842760.0,16194120.0,-1384380.0,198630.0,-0.8016521285694899,0.5943360292128588,55591.8,55500.0,0.0016513226770855,1,1,5,0,3,0,0,0.0,2,0.0098387372614508,136.0,0.4
2025-05-30,0.9071562320339424,0.8636308801747884,-0.0435253518591539,1372359.0002410358,1124076.2290351584,-248282.77120587745,0.5968239999999998,0.1566700000000018,23351325.0,21183300.0,22381350.0,19329225.0,-969975.0,-1854075.0,-0.1889883081113774,-0.0718627179852571,24751.65,24800.0,-0.0019534051265268,1.021596072491774,1.0038130501153009,-0.0177830223764732,-133723.96564999665,-10769.49515095311,122954.47049904354,1.3316110000000003,1.6119559999999993,4595280.0,4694520.0,4618350.0,4635960.0,23070.0,-58560.0,0.1666850973273822,0.0883199551937736,55755.75,55900.0,-0.0025871771072938,0,0,4,0,4,0,0,0.0,0,-0.0040037734858079,-34.4,0.6
2025-06-02,1.3543146482706654,1.0689512257458431,-0.285363422524822,-3044190.803403428,428550.82357902266,3472741.6269824505,-0.5461759999999991,1.5153700000000008,23091975.0,31273800.0,21715350.0,23212650.0,-1376625.0,-8061150.0,0.2338518301801041,0.2302657583060842,24723.95,24700.0,0.0009686963450419,0.9427490201378564,1.0454606459169604,0.1027116257791039,-316440.7142448725,90478.75880278992,406919.4730476624,1.353466000000001,2.004697,5549250.0,5231550.0,4917660.0,5141220.0,-642090.0,-29970.0,0.3086150461303408,0.2864132169746091,55918.3,56000.0,-0.0014610601538315,1,1,1,1,0,0,0,0.0,0,-0.0113452745212637,-142.05,0.4
2025-06-03,0.83680477126476,1.0036404266580043,0.1668356553932443,821556.9349077635,-3155376.6781846983,-3976933.6130924616,-4.066478,-3.3964290000000013,31211850.0,26118225.0,26782575.0,26880075.0,-4429275.0,761850.0,-0.8742929254240519,-0.2068246017558678,24535.2,24600.0,-0.0026411033943069,0.901466464445875,0.9182681431700682,0.0168016787241932,-351184.72635329014,5901.202762757865,357085.92911604804,-0.1860180000000006,-0.255586000000001,5498940.0,4957110.0,5437170.0,4992780.0,-61770.0,35640.0,-0.4901702419227297,-0.1706585751220965,55600.95,55900.0,-0.005378505223382,0,0,0,0,1,0,0,0.0,0,-0.0120887541165345,78.95,0.6
2025-06-04,1.0432497474080669,1.0333171166933852,-0.0099326307146816,2146872.454985177,2044694.9730184488,-102177.48196672834,-0.8090279999999996,1.6009159999999998,47433225.0,49484700.0,41778075.0,43170000.0,-5655150.0,-6314700.0,0.0951538625758697,0.0071094427618763,24616.9,24600.0,0.000686520236098,0.9262308049543504,0.9348408948446876,0.008610089890337,8645.336166640394,-14353.347231731866,-22998.68339837226,0.0630749999999977,0.3060799999999979,5878470.0,5444820.0,5695290.0,5324190.0,-183180.0,-120630.0,-0.0503743957990859,0.0203036564549508,55666.3,55900.0,-0.0041982312458345,0,0,6,0,2,0,0,0.0,0,-0.005345920891745,56.55,0.8
2025-06-10,0.8768652479266469,0.7353181960232447,-0.1415470519034022,4149888.483368996,5882057.990011692,1732169.506642696,1.978375,4.520418000000001,38967675.0,34169400.0,39118575.0,28764600.0,150900.0,-5404800.0,-0.1633941456394522,-0.0322544678410951,25104.7,25100.0,0.0001872159396447,0.8559183733788785,0.8451353423768057,-0.0107830310020728,178511.21401451633,229227.21138451635,50715.99737,1.786417,2.2884780000000013,7105035.0,6081330.0,7022745.0,5935170.0,-82320.0,-146160.0,-0.4044311587831897,0.0129766949152516,56647.35,56400.0,0.0043664884588599,1,1,0,0,1,0,0,0.0,0,0.0226849952399351,50.7,1.0
2025-06-16,1.1112261283858211,1.090617085675459,-0.0206090427103624,-299365.94911127724,1117373.2551359157,1416739.204247193,0.9562270000000002,1.6879139999999992,28256625.0,31399500.0,25497675.0,27808200.0,-2758950.0,-3591300.0,0.6829500697485277,0.0561421519286834,24950.7,24900.0,0.0020320071180367,1.0202709852906018,0.8894404955697333,-0.1308304897208685,-182492.16284648504,54447.45780915742,236939.62065564247,1.2064579999999996,0.1978449999999991,7654290.0,7809450.0,8901270.0,7917150.0,1248030.0,107760.0,0.6141198965124229,0.13125402619712,55957.35,56000.0,-0.0007621876304006,0,1,1,1,0,0,0,0.0,0,-0.0061120529684537,41.95,0.6
2025-06-18,0.7906115024440635,0.7840320469034608,-0.0065794555406026,4857579.825536679,5703899.137062109,846319.3115254305,-0.1216489999999996,5.329260000000001,50095875.0,39606375.0,42163200.0,33057300.0,-7932675.0,-6549075.0,-0.0173447593616292,0.1048934826855152,24813.05,24800.0,0.0005259329264237,0.9499308856382884,0.9119827884282916,-0.0379480972099968,-29277.49768279407,130652.0062113725,159929.50389416656,0.5121800000000007,1.916226,8312310.0,7896120.0,8589570.0,7833540.0,277260.0,-62580.0,0.315150904473189,0.1283368937628859,55823.25,56000.0,-0.0031662434559077,1,1,6,0,2,0,0,0.0,0,-0.0133760259218436,-71.05,0.6
2025-06-20,1.2572983667106703,1.074288833371822,-0.1830095333388484,-1206008.3805561804,2861190.055675028,4067198.436231208,-0.4489009999999993,3.1647540000000003,28482400.0,35810875.0,23816500.0,25585800.0,-4665900.0,-10225075.0,0.7287395660943088,0.2816811433339759,25116.6,25050.0,0.0026516327846921,0.8724736236218417,0.858994451268584,-0.0134791723532576,315961.480791608,1010827.4381352012,694865.9573435932,0.0029219999999998,1.321689000000001,10111320.0,8821860.0,9915780.0,8517600.0,-195540.0,-304260.0,0.6074871105133378,0.2490140594015233,56240.95,56000.0,0.004284244842948,0,1,4,0,4,0,0,0.0,0,0.0155673936758956,73.1,0.8
2025-07-03,0.7573520894474177,0.9101989262685208,0.1528468368211031,11955209.170092272,31964600.170129456,20009391.000037186,0.554629000000002,-18.973225,92588475.0,70122075.0,88653450.0,80692275.0,-3935025.0,10570200.0,-0.3162495782031145,-0.0301114714865927,25397.95,25400.0,-8.071517583109158e-05,0.9254328976971108,1.1469860355631898,0.2215531378660791,-398951.9600476456,-417498.2024900863,-18546.24244244065,1.733680999999999,1.6299849999999996,6922825.0,6406610.0,5501475.0,6310115.0,-1421455.0,-96495.0,-0.3603128030740222,-0.0357303467691681,56794.15,57000.0,-0.0036244930155658,0,0,5,0,3,0,0,0.0,2,-0.0056756549249052,26.65,0.6
2025-07-07,0.9081899442137852,0.863544400270283,-0.0446455439435022,-2407967.4266084693,3176298.074145411,5584265.5007538805,0.2251919999999998,1.629513000000001,42053400.0,38192475.0,38182200.0,32972025.0,5415525.0,-6685050.0,0.0023599144924258,0.1364785007030441,25459.95,25450.0,0.0003908098798309,0.9019207231405942,1.0894585852582492,0.187537862117655,-629836.7733064889,-301741.5988854737,328095.1744210152,1.6362950000000005,2.183613000000001,7349055.0,6628265.0,6124510.0,6672400.0,-1224545.0,44135.0,-0.051223656718912,0.1212240552830869,56947.1,57000.0,-0.0009289322897917,0,0,1,1,0,0,0,0.0,0,-0.0025608848407008,-38.15,0.8
2025-07-09,0.838868335195431,0.6329426007502419,-0.2059257344451891,6261689.243347451,12153680.09811829,5891990.854770839,-3.04509,-1.7987840000000013,67262850.0,56424675.0,67898100.0,42975600.0,635250.0,-13449075.0,-0.1366436248005181,0.0351401384796323,25478.4,25500.0,-0.0008477769404671,0.9078089696369432,0.8961338210389136,-0.0116751485980296,319397.7385702842,381248.8187531498,61851.08018286561,2.748947,3.031084,5654075.0,5132820.0,5559365.0,4981935.0,-94710.0,-150885.0,0.0391712140540745,0.0187913245261745,57218.0,57100.0,0.0020622880911601,1,1,6,0,2,0,-1,0.0,0,0.0007398423762874,-31.7,0.8
2025-07-11,0.8805319121301596,0.9451610239070342,0.0646291117768745,2152533.7912970684,-248389.731941171,-2400923.52323824,0.4719829999999998,0.4419990000000009,34646700.0,30507525.0,30875850.0,29182650.0,-3770850.0,-1324875.0,-0.3811891279952312,-0.0659600464899065,25150.15,25200.0,-0.0019820955342214,1.0044548783731255,0.96836291913215,-0.0360919592409756,-306882.28625588864,-318378.96415364457,-11496.67789775593,2.155322,2.637784,6843060.0,6873545.0,6654375.0,6443850.0,-185010.0,-390950.0,-0.3882568111688725,0.0165634680377954,56760.8,56900.0,-0.0024523967244999,1,1,4,0,4,0,0,0.0,0,-0.0124313373876496,-99.7,0.6
2025-07-14,0.947257801155978,0.8853741001802946,-0.0618837009756833,-2240978.1178670507,-883362.2120586726,1357615.905808378,-1.7519650000000002,-2.8833270000000013,39823425.0,37723050.0,34027650.0,30127200.0,-5795775.0,-7595850.0,-0.2770761302496757,0.1197611961748274,25079.85,25100.0,-0.0008034338323395,0.9520770578281086,0.9653412541658374,0.0132641963377287,-712356.4295250692,-480306.55767561967,232049.8718494496,1.3088029999999993,1.0234170000000002,7052885.0,6714890.0,6857865.0,6620180.0,-195020.0,-94815.0,-0.0424075871669931,0.1364498346196225,56764.85,56800.0,-0.0006192212258114,1,1,1,1,0,0,0,0.0,0,-0.0151555930358436,-30.7,0.6
2025-07-17,0.722548482195696,0.8555270466140336,0.1329785644183375,28786491.77644729,-3399042.972532896,-32185534.748980187,-5.702484,9.325361,137505375.0,99354300.0,97951725.0,83800350.0,-39553650.0,-15553950.0,-0.3231568658938658,-0.0710067645379973,25120.6,25100.0,0.0008200441072266,0.9216400992167566,0.7790934716341759,-0.1425466275825807,194468.87920330465,139616.73928285294,-54852.13992045168,1.3044000000000011,1.5480840000000011,7873670.0,7256690.0,9151065.0,7129535.0,1277395.0,-127155.0,-0.5171551395461856,-0.0496637806003603,56854.25,56700.0,0.0027130777382517,1,0,5,0,3,0,0,0.0,0,-0.0096394990565512,12.45,0.6
2025-07-21,0.8521285674903389,0.7847324189478876,-0.0673961485424513,1378906.1668228449,5079618.708037634,3700712.5412147897,-0.8406420000000008,0.9356480000000004,45433725.0,38715375.0,39534750.0,31024200.0,-5898975.0,-7691175.0,0.2788338654947185,0.2293183970084648,25088.1,25050.0,0.001518648283449,0.8406363625573197,0.6840887401461572,-0.1565476224111625,429007.0610975353,521303.6232134946,92296.5621159593,2.596959,3.7218680000000006,8846215.0,7436450.0,10709020.0,7325920.0,1862805.0,-110530.0,0.6581848513881855,0.203210729526519,56953.05,56700.0,0.0044431334230564,1,1,1,1,0,1,-1,0.5646,0,0.0003288411637389,-9.9,0.4
2025-07-22,0.7616418391319558,0.7693988524643196,0.0077570133323637,3081814.4361076737,1736717.951562752,-1345096.4845449217,-0.5581600000000009,-0.9041069999999998,54239175.0,41310825.0,51004950.0,39243150.0,-3234225.0,-2067675.0,-0.3419353940904817,-0.0257331452885432,25058.5,25100.0,-0.0016561246682762,0.7826781340438068,0.7817944431656523,-0.0008836908781545,-16746.002339539962,-294313.1175212412,-277567.11518170126,1.870576999999999,2.093972000000001,9445345.0,7392665.0,9275245.0,7251335.0,-169750.0,-141260.0,-0.5675458303103605,-0.067244405247875,56769.5,56900.0,-0.002298769585781,1,0,0,0,1,0,0,0.0,0,-0.0057226090947184,62.85,0.4
2025-07-30,0.941387011305902,0.9048123772352746,-0.0365746340706273,5811261.83157826,4532935.679997141,-1278326.1515811195,0.1595860000000009,-1.0533409999999996,65587425.0,61743150.0,58801500.0,53204325.0,-6785925.0,-8538825.0,0.1582568391719876,-0.0570915092461994,24858.15,24850.0,0.0003278602792243,0.7698959494424242,0.7947688096034448,0.0248728601610205,199560.7258903892,-274390.3242097487,-473951.0501001379,-4.225785999999999,-5.056981,13878830.0,10685255.0,12452615.0,9896950.0,-1426215.0,-788305.0,-0.0059620316468173,-0.0795578222514585,56140.85,56300.0,-0.0028348341715524,1,0,6,0,2,0,0,0.0,0,-0.0149327283003762,19.6,0.6
2025-08-04,1.0049390879831173,0.9954992408358035,-0.0094398471473136,286308.30716240406,2812215.4430183936,2525907.135855989,0.8500000000000014,2.280000000000001,36747675.0,36929175.0,33194400.0,33045000.0,-3553275.0,-3884175.0,0.3471622683976734,0.0807715198406462,24719.25,24700.0,0.0007787453098293,1.067316390448719,1.0911839859948187,0.0238675955460996,-231746.25996692912,-150031.16250127074,81715.09746565839,2.16,2.34,4101230.0,4377310.0,3958535.0,4319490.0,-142660.0,-57820.0,-0.1964292607778014,0.0516326811484122,55613.65,55900.0,-0.0051489157787701,0,0,1,1,0,0,0,0.0,0,0.001597944921468,68.2,0.6
2025-08-07,0.9624969761078714,0.7446849696011342,-0.2178120065067372,17838650.760814898,9590792.549680002,-8247858.211134896,-2.8000000000000007,3.0699999999999994,99829950.0,96086025.0,110037000.0,81942900.0,10207050.0,-14143125.0,0.0544860152560783,0.3138888152379894,24592.0,24550.0,0.0017078724788549,1.0340512820512822,0.9749797963471796,-0.0590714857041025,-75327.88642319258,182719.12387724183,258047.01030043443,2.2700000000000014,1.8900000000000008,4948125.0,5116615.0,5413625.0,5278175.0,465465.0,161560.0,0.0104872029002593,0.3653864581016872,55513.4,55600.0,-0.0015599837156434,1,1,5,0,3,0,-1,0.0,0,-0.0069311158100195,-74.65,0.6
2025-08-11,1.047367845378959,0.8364173524944313,-0.2109504928845277,4871708.902905142,5534375.818463703,662666.9155585608,0.6300000000000008,2.870000000000001,41827425.0,43808700.0,36835050.0,30809475.0,-4992375.0,-12999225.0,0.8060129758442346,0.1178889929551685,24585.95,24550.0,0.0014622172419613,1.008557098331678,0.924389399892838,-0.08416769843884,69809.57188439822,356803.90909286385,286994.3372084656,3.33,4.710000000000001,5603535.0,5651485.0,6270880.0,5796735.0,667345.0,145250.0,0.814598922600822,0.1903869908839821,55518.95,55500.0,0.0003413248989758,1,1,1,1,0,0,-1,0.0,0,-0.0054217957817371,11.45,0.6
2025-08-13,1.095404582255001,1.3652915026004575,0.2698869203454568,2354773.198151456,-5057077.612992783,-7411850.811144239,-2.290000000000001,-1.7300000000000004,74072700.0,81139575.0,56398725.0,77000700.0,-17673975.0,-4138875.0,0.2483494221451991,-0.1160556499014888,24614.75,24600.0,0.0005992341990066,0.9011242358304838,0.913096386833923,0.0119721510034391,108320.65286405198,-143805.63498400687,-252126.28784805888,0.0700000000000002,-0.5099999999999998,6755700.0,6087725.0,6528900.0,5961515.0,-226800.0,-126210.0,0.0432816549166356,-0.1281596420218733,55172.8,55500.0,-0.0059304584867905,0,1,6,0,2,0,1,0.0,0,0.0015600402197869,92.05,0.6
2025-08-19,1.3342332875877363,1.0770300291098514,-0.2572032584778849,-1534205.719474104,-1631508.533016981,-97302.81354287732,-0.1500000000000003,-0.4000000000000003,40113150.0,53520300.0,39162000.0,42178650.0,-951150.0,-11341650.0,0.2913578561202188,0.0096103022439968,24975.6,25000.0,-0.0009769535066225,0.9874654062330598,0.929497972890348,-0.0579674333427118,277027.82654249395,-117411.36460199472,-394439.19114448864,0.5199999999999996,0.9900000000000002,7360430.0,7268170.0,7441630.0,6916980.0,81200.0,-350560.0,0.2967172510906821,0.0273991737268838,55856.4,55800.0,0.0010097320987389,0,1,0,0,1,0,0,0.0,0,0.0156012267973541,30.5,0.6
2025-08-20,1.369232237749115,1.337333206874593,-0.0318990308745223,-2287045.172071361,-3706022.3785881056,-1418977.2065167446,2.889999999999999,0.8200000000000003,69143475.0,94673475.0,60889425.0,81429450.0,-11318625.0,7655700.0,0.4613510795575254,-0.1024947705732358,25048.75,25050.0,-4.99026897549778e-05,0.8878933783381316,0.8810986214209968,-0.0067947569171348,262380.43396320543,240051.5187159892,-22328.91524721624,-0.3399999999999998,-0.0199999999999995,8461320.0,7512750.0,8251250.0,7270165.0,-210070.0,-242585.0,-0.0975648250110324,-0.0129256023869357,55696.2,55800.0,-0.0018636819028946,0,0,6,0,2,0,1,0.0,0,0.022296521782524,-16.3,0.6
2025-08-21,0.98771975120837,0.8149489587669965,-0.1727707924413735,9492262.432149328,1033199.5258075926,-8459062.906341735,0.1699999999999999,0.32,128975400.0,127391550.0,110432775.0,89997075.0,-18542625.0,-37394475.0,0.0410433784677641,-0.0963924527099452,25081.5,25100.0,-0.0007375954388692,0.9148076768650124,0.9245789016264536,0.0097712247614412,266548.55695059313,30623.955148902605,-235924.60180169053,-1.4900000000000002,-1.6900000000000013,8717100.0,7974470.0,8457050.0,7819210.0,-260050.0,-155190.0,-0.005374995520837,-0.1241690706133251,55741.7,55800.0,-0.0010458956221285,1,1,5,0,3,0,-1,0.0,0,0.0186093335725534,46.65,0.6
2025-08-25,1.0523453778523149,1.0389576417953528,-0.013387736056962,-2637913.860746151,-4024127.786582215,-1386213.925836064,-0.0399999999999991,-0.33,54603675.0,57461925.0,49888800.0,51832350.0,-4714875.0,-5629575.0,0.1084872743023497,-0.0238373292576057,24954.9,25000.0,-0.0018072602975767,0.7173144968598624,0.7047931328495329,-0.0125213640103294,-177169.5267919493,-286086.397901101,-108916.87110915167,-2.35,-3.16,13403075.0,9614220.0,12766285.0,8997590.0,-636825.0,-616630.0,-0.0004534328951055,-0.0248482353218519,55121.0,55300.0,-0.0032474011719671,0,1,1,1,0,0,0,0.0,0,0.0033961266124087,60.5,0.8
2025-09-03,1.3640822699824289,0.9499450462460506,-0.4141372237363783,-1073246.3484539995,3764435.230235279,4837681.578689278,2.08,1.9200000000000008,39098100.0,53333025.0,32686575.0,31050450.0,-6411525.0,-22282575.0,0.233912661767572,0.2619547256267491,24725.35,24700.0,0.0010252635453087,1.427163650987125,1.0757440591173144,-0.3514195918698106,-198369.10178266256,61990.64511812708,260359.74690078964,1.5999999999999996,1.85,4015955.0,5731425.0,4982635.0,5360040.0,966680.0,-371385.0,0.4601942669909161,0.3063178993860608,54096.1,54200.0,-0.0019206560177166,0,1,6,0,2,0,0,0.0,0,0.0012274851518784,18.4,0.6
2025-09-08,1.0215541472032978,1.1683451600150625,0.1467910128117646,8917593.901086539,-3580840.4011943643,-12498434.302280905,-0.2400000000000002,-4.030000000000001,89655600.0,91588050.0,63933825.0,74696775.0,-25721775.0,-16891275.0,0.2729293951408921,-0.4177279059529301,24768.75,24800.0,-0.001261670451678,1.0332128957212114,1.200948075248965,0.1677351795277535,86458.18269512421,-347101.0342009186,-433559.2168960428,1.5599999999999987,0.0899999999999998,6275725.0,6484160.0,4991165.0,5994130.0,-1284560.0,-490030.0,0.6725711783713135,-0.5639344382631313,54184.85,54400.0,-0.0039706670776056,1,1,1,1,0,1,1,0.7505,0,0.0058258894776684,69.4,0.4
2025-09-10,1.4844296303202649,0.9078308174460058,-0.5765988128742591,-7684722.924553711,2579161.2822720464,10263884.206825756,-1.8200000000000005,0.1999999999999993,35394150.0,52540125.0,39677850.0,36020775.0,-5155500.0,-14468325.0,-0.2106443474430281,0.2415885450109039,24978.6,25000.0,-0.0008567333637594,1.2678311113467091,0.9927219183517254,-0.2751091929949839,-113720.2914279565,80586.86655953723,194307.15798749373,0.3800000000000008,1.17,5659350.0,7175100.0,6414465.0,6367780.0,-60935.0,-999250.0,0.0059700670025212,0.2046233112607137,54552.9,54500.0,0.000969700969151,1,1,6,0,2,0,0,0.0,0,0.0101386787089748,100.65,0.6
2025-09-12,1.5706413621960849,1.451027490190279,-0.1196138720058057,-6779334.709864304,-1574148.6363527572,5205186.073511547,0.6299999999999999,1.21,58511400.0,91900425.0,52237725.0,75798375.0,-6273675.0,-16102050.0,0.1935100325974632,0.0159287665559617,25115.8,25100.0,0.0006290860733084,1.126896177526819,1.08932046318684,-0.0375757143399788,56771.973841903855,79040.76479918102,22268.790957277168,1.549999999999999,1.7600000000000016,6524310.0,7352220.0,6356830.0,6924625.0,-167480.0,-427595.0,0.1745120970689277,-0.0125867620098714,54812.6,54700.0,0.0020542721928899,1,0,4,0,4,0,0,0.0,0,0.0151398721123754,62.6,0.8
2025-09-17,1.0544217817897898,0.9204993075165926,-0.1339224742731972,2166015.3762041493,2722981.08561397,556965.7094098208,-1.1599999999999993,-0.6499999999999995,38999550.0,41121975.0,37527975.0,34544475.0,-1471575.0,-6577500.0,0.0146206629482649,0.0709196040355061,25328.3,25300.0,0.0011173272584421,0.9706321960867416,0.8869463651653896,-0.0836858309213519,325308.0646304869,314077.7350803832,-11230.329550103692,0.5999999999999996,0.1799999999999997,7078500.0,6870620.0,7491400.0,6644470.0,413075.0,-226185.0,0.3067481887745232,0.0996520744766237,55498.15,55300.0,0.0035703892832464,1,1,6,0,2,0,0,0.0,0,0.0138066905398309,66.0,1.0
2025-09-19,0.7809098962572568,0.9900955413578624,0.2091856451006054,8013462.948119819,1107916.7677565117,-6905546.180363308,0.1500000000000003,-1.0699999999999994,83391375.0,65121150.0,55020675.0,54475725.0,-28370700.0,-10645425.0,-0.2181377181377095,-0.0905632680120306,25318.45,25350.0,-0.0012461268363584,0.941975906289217,0.8182773343424717,-0.1236985719467452,123309.0429803395,232058.93035863413,108749.88737829465,-0.0200000000000013,-0.0700000000000002,8107925.0,7637470.0,8746735.0,7157255.0,-317355.0,-404230.0,-0.2916665542797339,0.0294864222690091,55465.6,55500.0,-0.0006202042346968,1,1,4,0,4,0,0,0.0,0,0.008004044481396,-26.25,0.8
2025-09-22,0.7920556407463931,0.7433010043052709,-0.0487546364411222,-3021518.1240195506,-1531163.3748806585,1490354.7491388922,-4.86,-2.839999999999999,82364100.0,65236950.0,77538675.0,57634575.0,-4825425.0,-7602375.0,-0.2515603675554472,0.0659280867550018,25195.55,25200.0,-0.0001766184901699,0.9151832132494108,0.8623065122100259,-0.0528767010393848,-443617.371054374,-78593.53518395344,365023.83587042056,-1.99,-1.86,8453810.0,7736785.0,8493430.0,7323940.0,39620.0,-412845.0,-0.291625160610389,0.0391841019329643,55273.65,55400.0,-0.0022858993390159,1,1,1,1,0,0,0,0.0,0,0.0050981224859152,-76.0,0.6
2025-09-26,1.1221241001262383,1.2333218403642785,0.1111977402380401,-3335823.101815148,-7205238.928512719,-3869415.826697571,-0.4400000000000013,-0.5999999999999996,52757400.0,59200350.0,46332675.0,57143100.0,-6424725.0,-2057250.0,-0.6540186799175867,-0.0673124880885221,24644.5,24700.0,-0.0022520237781249,0.8977529084493587,0.8994653176265232,0.0017124091771644,-280835.52038764604,-343010.46938040224,-62174.9489927562,-1.1300000000000008,-0.2300000000000004,11409860.0,10243235.0,11114075.0,9996725.0,-295365.0,-246510.0,-0.6894273208164285,-0.0226993267398042,54394.55,54600.0,-0.003777032809353,0,1,4,0,4,0,1,0.0,0,-0.0273468725273387,-59.85,0.4
2025-09-30,0.8735655291521096,1.1658964587198344,0.2923309295677248,2453232.179283184,-25102317.171163507,-27555549.35044669,-0.2700000000000004,1.66,121246800.0,105917025.0,80530200.0,93889875.0,-40716600.0,-12027150.0,-0.2832826796922741,-0.1032860801207807,24614.85,24600.0,0.0006032943527991,0.9671778104179564,1.0567087696171584,0.0895309591992019,1554149.0817744955,-1816427.3737643976,-3370576.455538893,-2.13,4.38,18429910.0,17825000.0,14610615.0,15439165.0,-3819575.0,-2385835.0,0.0133506465004899,-0.0381265508911844,54665.45,54600.0,0.0011972827444024,1,1,0,0,1,0,0,0.0,0,-0.0226306477593811,70.65,0.6
2025-10-01,1.1048335109811906,1.5704493526275705,0.4656158416463798,2488420.6417102786,-1821459.274093528,-4309879.915803806,1.0599999999999996,0.29,35252325.0,38947950.0,25800450.0,40518300.0,-9451875.0,1570350.0,0.8572089568595012,-0.107850120526531,24822.5,24800.0,0.0009064356934233,1.1066088840736727,1.1403390956486577,0.0337302115749849,-11141.699746028184,84803.95233100648,95945.65207703468,2.49,1.8900000000000008,5007275.0,5541095.0,4847010.0,5527235.0,-160265.0,-13860.0,1.3348022135683435,-0.1119655001787836,55312.2,55300.0,0.0002205661680424,1,0,6,0,2,0,1,0.0,0,-0.0095578608117635,23.25,0.8
2025-10-06,1.2757425040422856,1.2263311095402991,-0.0494113945019862,29078.882957729977,2803732.392268985,2774653.5093112555,-1.2800000000000011,-2.16,79317750.0,101189025.0,69284775.0,84966075.0,-10032975.0,-16222950.0,0.6091148467479087,0.0381010135667506,25074.5,25050.0,0.0009770882769347,0.774559761335082,0.7835133703861756,0.0089536090510936,385357.5549072493,547773.4373429072,162415.88243565784,2.6,2.7,6992230.0,5415900.0,6807395.0,5333685.0,-184835.0,-82215.0,0.3744061236837949,0.0752617888585878,56113.15,56000.0,0.0020164613820468,0,1,1,1,0,0,0,0.0,0,0.0171488962890586,24.7,0.8
2025-10-09,1.0445708651741934,0.9202091300085664,-0.1243617351656268,4031361.7550176494,3812788.347878882,-218573.4071387681,0.7599999999999998,1.09,51270600.0,53555775.0,42461625.0,39073575.0,-8808975.0,-14482200.0,0.3100598983880873,0.0960103047084863,25177.7,25150.0,0.0011001799211207,0.8657941706927326,0.8592804747580873,-0.0065136959346452,220798.6545405328,233037.38208077964,12238.72754024691,1.620000000000001,1.6500000000000004,7490770.0,6485465.0,7295505.0,6268885.0,-195230.0,-216580.0,0.3536507584866303,-0.0012461891091921,56170.55,56200.0,-0.0005242960946616,1,1,5,0,3,0,0,0.0,0,0.0141077223098218,39.4,0.6
2025-10-10,1.4890990580370709,1.300014775914446,-0.1890842821226248,-7286416.688158899,-7403497.091052351,-117080.4028934529,-1.9400000000000004,-2.1900000000000004,59238000.0,88211250.0,55326525.0,71925300.0,-3911475.0,-16285950.0,0.5347434244635126,-0.0843688439887635,25284.2,25300.0,-0.0006248961802231,0.8643825610591189,0.8568596201643045,-0.0075229408948144,190336.62342312688,284959.8710387924,94623.24761566556,1.4299999999999995,0.620000000000001,7666750.0,6627005.0,7378980.0,6322750.0,-287700.0,-303975.0,0.7950355807073446,-0.219821093482132,56603.25,56500.0,0.0018241002062602,0,0,4,0,4,0,0,0.0,0,0.0156500897793879,-6.75,0.8
2025-10-15,1.3391348305140278,1.2001005079239728,-0.139034322590055,-4288842.008807911,-2285268.8806296657,2003573.128178245,-2.18,-2.0600000000000005,40058625.0,53643900.0,37608975.0,45134550.0,-2449650.0,-8509350.0,0.4351575587561829,-0.0100669153786907,25327.95,25350.0,-0.0008705797350357,0.8343005399114157,0.8395282747223857,0.0052277348109699,525207.8515259995,587698.6854701536,62490.83394415409,0.7200000000000006,0.92,8660680.0,7225610.0,8387085.0,7041195.0,-272160.0,-184240.0,0.2352166843270264,0.0136432973120943,56812.2,56700.0,0.0019749279204114,0,0,6,0,2,0,0,0.0,0,0.0115109987188066,75.95,0.6
2025-10-16,1.2478610001092063,1.438780289285698,0.1909192891764914,1432497.1838697258,-1839696.8980760043,-3272194.0819457304,0.0899999999999998,-0.3699999999999992,33651825.0,41992800.0,32988150.0,47462700.0,-663675.0,5469900.0,0.7964810769321546,-0.1534685653032147,25568.55,25550.0,0.0007255006639015,0.6569909659756007,0.7248409796918915,0.0678500137162908,663980.1795874849,550434.1315951028,-113546.04799238208,3.35,2.879999999999999,8999865.0,5912830.0,8281175.0,6002535.0,-716450.0,90125.0,0.618300504895832,-0.1536687434123432,57405.45,57000.0,0.0070629182420832,0,0,5,0,3,0,1,0.0,0,0.0152863576542275,77.55,0.8
2025-10-20,0.8425068165133371,0.7121107138811243,-0.1303961026322128,-4108167.360498152,4077303.252519126,8185470.613017278,1.46,1.4300000000000002,126475950.0,106556850.0,113871900.0,81089400.0,-12604050.0,-25467450.0,-0.3387363878155267,0.1121338944547009,25846.3,25850.0,-0.0001431539524032,0.6419428682510901,0.6420081904639114,6.532221282129491e-05,959896.2986250228,1207896.9992563212,248000.70063129847,3.26,2.640000000000001,10442705.0,6703620.0,10315655.0,6622735.0,-127050.0,-80640.0,-0.3123877732319125,0.0526587043717978,58045.65,57500.0,0.0094003598891562,1,1,1,1,0,0,-1,0.0,0,0.0242142975977218,196.75,0.8
2025-10-23,0.7708793549811179,1.4013394059050526,0.6304600509239346,3318314.5335134976,-5373837.067791024,-8692151.601304522,-4.090000000000001,-3.43,43831275.0,33788625.0,26743200.0,37476300.0,-17088075.0,3687675.0,-0.1425933150255247,-0.4449413897490361,25865.35,25900.0,-0.0013396300456016,0.6446203198891532,0.788558174160595,0.1439378542714418,1002599.6904645032,375072.3093301248,-627527.3811343783,1.129999999999999,0.6999999999999993,9295720.0,5992210.0,10155110.0,8007895.0,859390.0,2015685.0,0.0103873092834141,-0.3766510672924628,58030.8,57900.0,0.0022539754750925,0,0,5,0,3,0,1,0.0,0,0.0207768307794017,184.75,0.8
2025-10-31,1.0581923921266048,1.4201909336206622,0.3619985414940574,-1610012.1270397375,-7759570.147181667,-6149558.020141929,-1.1400000000000006,-5.170000000000001,54628275.0,57807225.0,32854350.0,46659450.0,-21773925.0,-11147775.0,-0.2297395639786887,-0.2269707168976789,25715.75,25800.0,-0.0032762023273674,1.1510756961377322,1.15140409162441,0.0003283954866777,-530512.8297108809,-843480.3120542844,-312967.4823434035,0.6300000000000008,-0.2599999999999998,5196170.0,5981185.0,5004125.0,5761770.0,-192045.0,-219415.0,-0.0834100297326109,-0.2639062265294489,57765.45,58000.0,-0.0040603855764994,1,1,4,0,4,0,1,0.0,0,-0.003256758990113,-40.15,0.2
2025-11-06,0.8985744341607464,1.0574344899692871,0.1588600558085406,-299462.2643024563,-2305523.777950327,-2006061.5136478704,0.7800000000000011,0.0999999999999996,39747375.0,35715975.0,28693125.0,30341100.0,-11054250.0,-5374875.0,-0.413281140344037,-0.1636494612879091,25500.6,25550.0,-0.001937209320565,1.027988922279182,1.088214018831266,0.0602250965520838,-281603.0690878269,-289868.5857347934,-8265.516646966513,-0.4699999999999988,-0.7199999999999989,5939850.0,6106100.0,5854625.0,6371085.0,-83895.0,264810.0,-0.4291026079624556,-0.1436795321738954,57545.45,58000.0,-0.0078989737676915,1,1,5,0,3,0,0,0.0,0,-0.0212916558826067,48.4,0.6
2025-11-07,1.3452640345674307,1.1551748527815244,-0.1900891817859062,-1470384.0278394972,-2090371.701926108,-619987.6740866106,0.9800000000000004,0.8100000000000005,48808950.0,65660925.0,45595500.0,52670775.0,-3213450.0,-12990150.0,0.5545472281506647,-0.1015178685167277,25486.85,25500.0,-0.0005159523440519,1.1713984630303302,1.1450217935957716,-0.0263766694345586,-131929.13465552055,-216800.4801304636,-84871.34547494305,0.0600000000000005,-0.2799999999999993,6244105.0,7314335.0,6118770.0,7006125.0,-125265.0,-308315.0,1.05249752271426,-0.0947792024390563,57869.2,58000.0,-0.0022602697116946,1,1,4,0,4,0,0,0.0,0,-0.0151803773318398,-128.55,0.6
2025-11-14,0.7496572209293013,0.4827894842289567,-0.2668677367003446,5372509.5090789525,19883633.16544264,14511123.656363685,-1.950000000000001,2.42,61810950.0,46337025.0,68879400.0,33254250.0,7068450.0,-13082775.0,-0.104003253733072,0.5449860699931921,25930.2,25900.0,0.0011646651394898,0.851140625199988,0.7442252801465924,-0.1069153450533956,156628.34481906338,824352.3410846703,667723.996265607,-1.540000000000001,1.8000000000000007,8203615.0,6982430.0,7945840.0,5913495.0,-257530.0,-1068935.0,-0.1216383372493695,0.5067999594903335,58552.95,58500.0,0.0009043096889225,1,1,4,0,4,1,-1,0.95,0,0.017097824158703,-62.05,0.6
2025-11-17,1.0259679120572247,0.9589602065343186,-0.0670077055229061,-1926930.405412947,9892563.451177975,11819493.856590925,-0.2200000000000006,1.66,79497150.0,81561525.0,70767900.0,67863600.0,-8729250.0,-13697925.0,0.2349514375825906,0.1202795103373022,26012.4,26000.0,0.0004766957297289,1.087482118291217,0.91909943562467,-0.168382682666547,27805.624119150096,128448.3936830181,100642.769563868,1.75,2.380000000000001,7657965.0,8327900.0,8620150.0,7922775.0,962220.0,-404495.0,0.478134329567323,0.0727325191591179,58957.35,58600.0,0.0060611611614158,1,1,1,1,0,0,0,0.0,0,0.017182190032446,-9.95,0.4
2025-11-18,0.9820193134292148,1.0813670873450325,0.0993477739158176,-13471772.932568472,-1952352.0254969315,11519420.90707154,1.93,-3.35,142206750.0,139649775.0,102263400.0,110584275.0,-39943350.0,-29065500.0,0.0370007072530965,-0.2207662863296324,25897.75,25950.0,-0.0020175497871436,0.962367095139986,1.074053356081689,0.111686260941703,109884.69040399666,-162322.46582016663,-272207.1562241633,2.639999999999999,0.1500000000000003,8884645.0,8550290.0,7508235.0,8064245.0,-1374660.0,-486360.0,0.1602157266127042,-0.1751331300003147,58880.4,58700.0,0.0030638378815361,1,1,0,0,1,0,0,0.0,0,0.007832726781284,-66.95,0.2
2025-11-28,1.0087769038949674,1.0463541798318143,0.0375772759368469,1274373.121585832,-932773.2681412288,-2207146.3897270607,0.6385140000000007,-0.2896739999999997,67190550.0,67780275.0,56375175.0,58988400.0,-10815375.0,-8791875.0,0.0303462912633246,-0.030527884360374,26197.55,26200.0,-9.352019559083683e-05,1.1570667190071415,1.1989368993162366,0.041870180309095,49957.06341385463,-24300.543324174825,-74257.60673802946,3.880417999999999,3.275641,4636310.0,5364520.0,4391870.0,5265575.0,-244440.0,-98770.0,0.2490600518910086,-0.0889739232817402,59739.6,59700.0,0.0006628768856838,1,1,4,0,4,0,0,0.0,0,0.0048935873774456,-15.05,0.6
2025-12-02,0.9171588832703012,0.8290808192671381,-0.0880780640031632,-9153372.048299564,-6022897.131830732,3130474.916468832,0.9072759999999996,4.308256,148257900.0,135976050.0,123256500.0,102189600.0,-25001400.0,-33786450.0,-0.3837580715582444,0.1028450595924644,26036.75,26050.0,-0.0005088960795798,1.2241676032593425,1.1696859690550876,-0.0544816342042548,-631568.3705813145,-241703.6868598664,389864.6837214482,1.6904450000000004,1.059526,5979120.0,7319445.0,5958330.0,6969375.0,78645.0,-402290.0,-0.1828782258037392,-0.1059688781703293,59294.15,59400.0,-0.0017851676767438,0,1,0,0,1,0,0,0.0,0,0.0057898931318232,-69.3,1.0
2025-12-04,0.9441430714724394,0.8649222557635039,-0.0792208157089354,2283515.6623345674,4197637.127148818,1914121.4648142508,0.25,0.1600000000000001,43841025.0,41392200.0,44149575.0,38185950.0,308550.0,-3206250.0,0.1920946408099902,0.142689014868896,26037.7,26000.0,0.0014479005442109,0.986849107581464,0.9881266628956906,0.0012775553142266,-747589.2093585683,-346385.38943540136,401203.8199231669,0.3900000000000005,0.9399999999999996,6839840.0,6749890.0,6682620.0,6603275.0,17360.0,-139335.0,-0.2189603096483442,0.2250198012353241,59283.45,59500.0,-0.0036527901125862,1,0,5,0,3,0,0,0.0,0,-0.0067191034538381,-41.7,0.8
2025-12-09,0.914936353875862,0.8553220980746801,-0.059614255801182,-21121151.557019845,25366447.42508289,46487598.98210274,4.275713,-1.3567,136286775.0,124693725.0,102049275.0,87285000.0,-12599325.0,-41358750.0,-0.124911537108005,0.0362038256021007,25835.35,25850.0,-0.0005670525075139,1.0187880109520002,1.0055734274623305,-0.0132145834896697,-975943.9155040316,-850483.293015196,125460.6224888356,0.5961449999999999,0.1156860000000001,7222425.0,7358120.0,7158970.0,7198870.0,-63105.0,-157640.0,0.3377757138753206,0.0243231122773467,59217.35,59500.0,-0.0047730943718353,0,0,0,0,1,0,0,0.0,0,-0.0077955204787239,-112.85,0.6
2025-12-10,0.9003818269485554,0.8982705529290048,-0.0021112740195505,164772.3738383646,698862.9494590466,534090.575620682,0.6481719999999989,0.7126699999999992,34531350.0,31091400.0,30664425.0,27544950.0,-3866925.0,-3546450.0,-0.368524701794841,0.0351441980035737,25760.1,25800.0,-0.0015489070306404,1.119569019799902,0.9724208690750884,-0.1471481507248134,-349866.56839028257,-280910.8809372868,68955.6874529958,0.4327140000000007,0.8526249999999997,6503315.0,7280910.0,7948220.0,7729015.0,1444905.0,448000.0,-0.6309321151444811,0.0644017173791251,58964.95,59400.0,-0.0073781119122462,1,0,6,0,2,0,0,0.0,0,-0.0090197631220376,10.95,0.8
2025-12-11,1.198777523734779,1.1016206726662894,-0.0971568510684897,-2586296.4869052065,163726.95973225695,2750023.446637464,0.2306380000000008,0.3507579999999999,37460850.0,44907225.0,34860525.0,38403075.0,-2600325.0,-6504150.0,0.4710837643998817,0.0554458659021532,25895.45,25900.0,-0.0001757065430413,0.9980059340320592,0.9787036768753804,-0.0193022571566788,-553122.751462622,-541881.3990630973,11241.35239952465,0.5778870000000005,0.381335,7266560.0,7252070.0,7247730.0,7093380.0,-18830.0,-158690.0,0.4006969379665909,-0.0125826422028648,59201.1,59500.0,-0.0050488926726023,0,0,5,0,3,0,0,0.0,0,-0.0054932430214574,-0.35,0.8
2025-12-15,1.0489892201313378,1.0054791133389718,-0.043510106792366,5491583.091613893,2295327.9909149017,-3196255.100698992,0.925203999999999,1.258455999999999,89722800.0,94118250.0,80076825.0,80515575.0,-9645975.0,-13602675.0,0.2952733156130878,-0.021508969432306,26030.05,26000.0,0.0011544349703515,0.9869293253640236,0.9844274933052016,-0.002501832058822,37186.91457289766,-322110.5522519711,-359297.46682486875,1.109143000000001,0.7005109999999988,8807120.0,8692005.0,8626100.0,8491770.0,-179305.0,-193305.0,0.3011741071165307,-0.0726730142833978,59469.9,59500.0,-0.0005061383994255,0,0,1,1,0,0,0,0.0,0,0.0022627693761632,-94.95,0.8
2025-12-16,0.9028449347955512,0.8469038343998763,-0.055941100395675,9959415.278221147,14734399.660000106,4774984.381778957,-0.8091439999999999,-3.701442000000001,146004225.0,131819175.0,112032525.0,94880775.0,-33971700.0,-36938400.0,-0.2577821480560239,-0.0380810255974166,25856.05,25850.0,0.0002339877900916,0.8430109984077372,0.9759595621260334,0.1329485637182962,-379121.10926166654,-398270.40486304014,-19149.2956013736,-0.9954140000000002,-1.6384329999999991,9495920.0,8005165.0,9195340.0,8974280.0,-171150.0,65205.0,-0.4144213573290185,-0.0592679895281929,59018.8,59300.0,-0.004764583488651,1,0,0,0,1,0,0,0.0,0,0.0008005863231236,-97.3,0.6
2025-12-24,0.8034725729500198,0.8566856202758473,0.0532130473258274,7320152.961254793,8572833.078824127,1252680.117569334,0.7542610000000005,1.864051,61182300.0,49158300.0,55191775.0,47282000.0,-5990525.0,-1876300.0,-0.0420638835671702,0.0577665390191874,26154.8,26150.0,0.0001835227185831,0.7369686492354803,0.7313468723412125,-0.0056217768942677,473057.1133470279,345643.418226033,-127413.69512099492,0.1338550000000005,0.6400540000000001,11863985.0,8743385.0,11353860.0,8303610.0,-509845.0,-439740.0,-0.1312163315421847,-0.0200122944728889,59201.75,59300.0,-0.001659579319868,1,1,6,0,2,0,0,0.0,0,0.0129440867450716,-33.3,0.4
2025-12-26,0.8570769762510712,0.6785234166617153,-0.1785535595893558,4144645.611310492,8900015.457286386,4755369.845975894,-0.2713470000000004,1.5322309999999997,77249800.0,66209025.0,85414075.0,57955450.0,8164275.0,-8253575.0,-0.3325167263958108,0.1195365364768952,26048.25,26050.0,-6.718301613352145e-05,0.7477352679821304,0.7435729316761173,-0.0041623363060131,5754.489768947766,283472.8945028884,277718.4047339406,-0.3250279999999996,0.6381959999999998,14376425.0,10749760.0,13505380.0,10042235.0,-871290.0,-707525.0,-0.2808763138069876,0.0700353144170203,59011.55,59100.0,-0.0014988591216464,1,1,4,0,4,0,-1,0.0,0,0.008714596949891,-50.85,0.4
2025-12-29,0.6758890632202779,0.672662321350801,-0.0032267418694769,-459035.2797920755,3292172.199456673,3751207.4792487486,-0.3934299999999995,-0.4790540000000005,108573550.0,73383675.0,94945150.0,63866025.0,-13628400.0,-9517650.0,-0.505602676088227,0.0306522568929049,25944.05,25950.0,-0.0002293396751856,0.7707345447468064,0.8549284875653752,0.0841939428185688,527565.6830585713,31437.98949234633,-496127.693566225,0.931991,0.3547779999999996,15825040.0,12196905.0,13116600.0,11213755.0,-2708230.0,-980315.0,-0.0985221674876871,-0.0603757201415752,58928.5,59000.0,-0.0012133348040421,1,1,1,1,0,0,0,0.0,0,-0.0009944476671914,19.65,0.2
2025-12-31,1.311894466927227,1.9973386608372965,0.6854441939100695,-697054.4767533517,-6412718.964630151,-5715664.487876799,2.2678100000000008,-0.4807639999999997,31914545.0,41868515.0,26939445.0,53807195.0,-4975100.0,11938680.0,0.6712957623013163,-0.2331576535288698,26122.95,26150.0,-0.0010354879521646,1.1393517762736554,1.1629435385818596,0.0235917623082042,460383.0225759672,-42803.22598743543,-503186.2485634026,3.58901,2.6414030000000004,4777980.0,5443800.0,4564710.0,5308500.0,-127980.0,-218220.0,0.7999021629577101,-0.2876676911027917,59584.55,59500.0,0.0014189920037996,1,1,6,0,2,0,1,0.0,0,-0.0023370254890814,67.4,0.0
2026-01-06,0.8546780640079353,0.8796012351626034,0.024923171154668,9005926.903302923,-11543047.485663868,-20548974.38896679,-0.0483200000000003,3.153396,155960350.0,133295890.0,109838170.0,96613790.0,-46122180.0,-36682100.0,-0.3279875742069477,0.1003835608056689,26175.95,26200.0,-0.0009187823173561,1.0755547683510032,1.0807451489315498,0.0051903805805466,106727.31884388332,438555.0391980205,331827.7203541371,2.9674080000000007,3.311064,5928150.0,6376050.0,5802330.0,6270840.0,-125700.0,-104370.0,0.1401004956440424,0.1000387837547765,60136.8,60000.0,0.0022748134253901,0,0,0,0,1,0,0,0.0,0,0.0089375934779826,-14.1,0.6
2026-01-07,0.8952568658863754,0.8328945944971332,-0.0623622713892422,3357898.970938093,6157017.976890647,2799119.0059525534,0.747115,1.6064439999999998,47754395.0,42752450.0,46865390.0,39033930.0,-889005.0,-3718520.0,-0.0101487267177733,0.163928147382126,26151.8,26150.0,6.882891426208798e-05,1.1929882480475005,1.1149504411689466,-0.0780378068785538,95794.6118808183,241097.6587232564,145303.04684243808,2.831477,2.753653,6088350.0,7263330.0,6449910.0,7191330.0,362220.0,-71850.0,-0.055033662256747,0.1455023585732043,60017.5,60000.0,0.0002915816220269,0,1,6,0,2,0,-1,0.0,0,0.0011031745424788,-64.3,0.8
2026-01-08,0.6910592097365481,0.8307215658637449,0.1396623561271968,3431621.258637392,-956034.5807852652,-4387655.839422657,-0.4744330000000003,-0.291487,56312360.0,38915175.0,39106340.0,32486480.0,-17206020.0,-6428695.0,-0.6648979474556276,-0.1934187486983341,25878.05,25950.0,-0.0027803485965905,1.1035667469583037,1.1404171205765354,0.0368503736182319,247096.30628225423,-142199.74632659915,-389296.0526088534,2.082939,1.859221999999999,6339390.0,6995940.0,6086010.0,6940590.0,-252900.0,-55830.0,-0.2584496690542835,-0.152393633927404,59688.3,59800.0,-0.0018713885300803,0,1,5,0,3,0,0,0.0,0,-0.0102326102623651,-50.05,0.8
2026-01-12,0.9350382514437524,0.8590040801705948,-0.0760341712731574,8378877.484500183,2454983.078175708,-5923894.406324474,0.5317279999999993,-2.0389920000000004,73205080.0,68449550.0,58067425.0,49880155.0,-15137655.0,-18569395.0,0.4028069819876821,0.0687090463029126,25778.5,25800.0,-0.0008340283569641,1.124341057342233,1.1334042090511514,0.0090631517089183,-764282.4387227569,-570280.7905498827,194001.64817287424,-0.2911859999999997,-0.738721,6328320.0,7115190.0,6208050.0,7036230.0,-121080.0,-78450.0,0.3707140153051542,0.0591019036369658,59424.05,59500.0,-0.0012781020479081,0,0,1,1,0,0,0,0.0,0,-0.018284617025816,-37.6,0.6
2026-01-14,0.6360418959122958,0.9041834925111638,0.268141596598868,5805695.806437643,773136.4635247281,-5032559.342912915,2.3502529999999995,1.248908,39872625.0,25360660.0,30421950.0,27507025.0,-9450675.0,2146365.0,0.0185027208737958,-0.0926912194542625,25652.85,25700.0,-0.0018380024051909,0.988415928634229,1.0075628137375665,0.0191468851033372,79549.38926463175,-92723.35460681272,-172272.7438714445,1.4429719999999993,0.0625090000000003,6994950.0,6913920.0,6795090.0,6846480.0,-481830.0,1050.0,0.062694030470807,-0.0800169092336567,59564.7,59500.0,0.0010862138145579,0,0,6,0,2,0,0,0.0,0,-0.0194500805953334,-65.5,0.6
2026-01-19,1.185183919019053,1.1864421287331797,0.0012582097141267,1020173.120588462,-6491547.186171317,-7511720.306759778,1.4536390000000008,2.276204999999999,76053445.0,90137320.0,62269805.0,73879520.0,-13783640.0,-16257800.0,0.2553851031227434,-0.0927194718698882,25591.15,25600.0,-0.00034582267698,1.098274099412909,1.1051457645641396,0.0068716651512306,85320.00742701405,691.3861667077726,-84628.62126030627,2.9619750000000007,3.9070870000000006,6954630.0,7638090.0,6698130.0,7402410.0,-256110.0,-234990.0,0.1594660395004424,-0.0159379039236497,59910.5,59900.0,0.0001752614316355,1,0,1,1,0,0,0,0.0,0,-0.0040599973037553,-132.8,0.8
2026-01-20,0.7999015455992231,1.1102552883176056,0.3103537427183824,16779215.901992265,8147112.367501872,-8632103.534490393,-1.986705,-6.047832999999999,144584700.0,115653525.0,73384870.0,81475940.0,-71199830.0,-34177585.0,-0.8369183094954342,-0.5014964005500369,25217.05,25250.0,-0.0013066556159424,0.9652914798206278,1.0019115213010938,0.036620041480466,-266238.6788816933,-637579.1136279285,-371340.43474623526,0.7647830000000013,1.1272830000000005,7359000.0,7103580.0,6670080.0,6682830.0,-689010.0,-420600.0,-0.5432807540934054,-0.2280585039362141,59388.45,59600.0,-0.0035621404498686,1,0,0,0,1,0,0,0.0,0,-0.0222646978928939,-33.1,0.8
2026-01-23,0.944207183599521,1.1473548861131522,0.2031477025136311,-838393.7941398383,-4127632.3671725406,-3289238.5730327023,-0.6131410000000006,-0.3144259999999992,51519715.0,48645285.0,35386000.0,40600300.0,-16133715.0,-8044985.0,-0.8243664536229621,-0.1506957719470767,25045.85,25100.0,-0.0021620348281252,0.8582200213586554,0.9519162361966036,0.0936962148379483,-153626.57496180863,-422528.1201030431,-268901.54514123447,-2.071484999999999,-2.273026,8820780.0,7570170.0,7758960.0,7385880.0,-1061850.0,-184170.0,-1.1656904104322818,-0.1702582107363252,58517.05,58900.0,-0.0065442465059328,0,1,4,0,4,0,0,0.0,0,-0.0254173845167962,3.6,0.6
2026-01-27,0.9377143418563448,0.8780224226872818,-0.0596919191690629,10059984.712010631,-9732494.766709734,-19792479.478720367,-4.850854,2.41464,98576465.0,92436565.0,107303820.0,94215160.0,8727355.0,1778595.0,-0.1013417326848022,0.3300435274797227,25170.4,25150.0,0.0008104757969679,0.9603303627810204,0.8916558072766043,-0.0686745555044161,646857.4856786593,-1030050.0161235856,-1676907.5018022447,3.3230629999999994,4.457583,15630090.0,15010050.0,17220120.0,15354420.0,1569480.0,263190.0,0.578010496240237,0.4426690891493385,59153.45,59100.0,0.0009035821241195,1,1,0,0,1,0,0,0.0,0,-0.0167160633124622,67.2,0.6
2026-01-28,0.7620419062676236,0.7210022589940691,-0.0410396472735544,3545287.2817396093,3783919.465309768,238632.18357015867,1.1438120000000005,1.155777999999998,26970190.0,20552415.0,24429015.0,17613375.0,-2541175.0,-2939040.0,-0.2096415347103915,0.3073017834195726,25329.65,25300.0,0.0011705649308222,1.1140249587299955,0.9694540347592018,-0.1445709239707939,-10853.338987530493,7916.277876808512,18769.616864339005,2.627191,2.863296,3507390.0,3907320.0,3588690.0,3479070.0,81390.0,-428250.0,-0.2398669439507245,0.2749490835030525,59574.35,60000.0,-0.0071448534478345,1,1,6,0,2,0,-1,0.0,0,0.0044453831774225,134.7,0.6
2026-01-29,0.8153681690119181,0.9910425900697788,0.1756744210578608,3893592.811033743,1400699.4952973388,-2492893.315736404,0.9913739999999986,-0.4895709999999997,25355135.0,20673770.0,20325630.0,20143565.0,-5029505.0,-530205.0,0.6978322867168407,-0.1283399337663798,25407.6,25400.0,0.000299123097026,1.0532817404255024,1.181539504041561,0.1282577636160586,210117.58020712188,-8347.273989306632,-218464.8541964285,3.47514,2.8868860000000005,4310670.0,4540350.0,3718860.0,4393980.0,-591810.0,-146220.0,1.014767369526001,-0.1525818075152509,59909.05,60000.0,-0.0015181345723224,0,0,5,0,3,0,0,0.0,0,0.0099419071458932,-65.7,0.8
2026-02-04,1.0345470278258502,0.9770391161490136,-0.0575079116768364,1747489.4962264863,365150.7608212453,-1382338.735405241,1.9156700000000004,1.958746,66855100.0,69164745.0,61345635.0,59937085.0,-5242315.0,-8984430.0,0.5714519516652489,-0.1017073269958367,25783.1,25800.0,-0.0006554681167121,0.9850509208585162,0.9779144755219276,-0.0071364453365885,160018.81863663555,334007.0476617802,173988.22902514465,3.591866999999999,3.2139500000000005,5043120.0,4967730.0,4940340.0,4831230.0,-102750.0,-136680.0,0.4000153020406602,-0.1545643703448386,60269.9,60000.0,0.0044781889467213,1,1,6,0,2,0,0,0.0,0,0.017587101628586,-55.15,0.4
2026-02-09,0.908920941534409,0.9644089923731308,0.0554880508387216,6821872.820578997,8198438.485361095,1376565.6647820985,0.4003199999999989,1.6014159999999986,152796540.0,138879975.0,123925685.0,119515045.0,-28419690.0,-18838495.0,0.0431624320385164,0.0870615002437722,25866.3,25850.0,0.0006301635719062,0.8456560997574678,0.8128381749107794,-0.0328179248466884,286526.9085851321,314949.2518512183,28422.343266086187,3.0287550000000003,4.169916000000001,6296070.0,5324310.0,6254160.0,5083620.0,-44010.0,-240420.0,0.0165892501658852,0.1226245617162205,60665.75,60300.0,0.0060289372504254,1,1,1,1,0,0,0,0.0,0,0.0301492675798238,134.15,0.6
2026-02-10,0.9951625130352356,0.9087286116694258,-0.0864339013658098,8295653.303075315,30101934.04573917,21806280.742663853,-0.3325780000000007,-1.515566,213670860.0,212637230.0,167226995.0,151963955.0,-39068770.0,-55647540.0,0.0100346968942697,0.0820061205509267,25933.95,25950.0,-0.0006188798852469,0.8866792915026417,0.8874174326758741,0.0007381411732324,450687.3042785063,414036.629139806,-36650.67513870029,3.701371,3.4330479999999994,6637710.0,5885520.0,6494700.0,5763510.0,-216510.0,5550.0,-0.1133237798751509,-0.012862330192499,60634.4,60400.0,0.0038657923554945,1,1,0,0,1,0,0,0.0,0,0.0083327067415492,43.8,0.8
2026-02-11,0.8184416661748408,0.7922691952867761,-0.0261724708880647,4351779.568959078,5659041.65845688,1307262.0894978018,1.2646819999999996,2.198898,79296360.0,64899445.0,69330040.0,54928055.0,-9806615.0,-9851205.0,-0.1178008203710669,0.04027681154114,25955.9,25950.0,0.0002273086273256,1.0068926681915804,0.9698728431136012,-0.0370198250779791,311207.839426326,439915.8903519895,128708.0509256635,3.604783,4.314285999999999,6872520.0,6919890.0,6714540.0,6512250.0,-157620.0,-407670.0,0.1845360901281949,0.0829171010139411,60773.65,60500.0,0.0045027738172711,1,1,6,0,2,0,-1,0.0,0,0.0066574458986204,42.1,0.6
2026-02-17,1.0434079754844097,1.0444719267279496,0.0010639512435399,1850269.8939495592,19908949.292767856,18058679.39881829,0.95287,-0.8349820000000001,188820255.0,197016560.0,163248605.0,170508585.0,-25570545.0,-26509340.0,0.435252100594203,0.0293576697398221,25724.85,25700.0,0.0009659920271643,0.8583191909798907,0.8621035314656805,0.0037843404857897,708861.1238788713,625237.8095305589,-83623.31434831244,5.921773,5.121422000000001,6452250.0,5538090.0,6254910.0,5392380.0,-142500.0,-406770.0,0.6916097253398964,-0.007030457412997,61158.15,60900.0,0.0042210236902195,0,1,0,0,1,0,0,0.0,0,-0.0054985743357104,128.65,0.8
2026-02-19,0.7043116292020452,0.7498752084205633,0.0455635792185181,-2477774.0853183763,-4139506.9607668887,-1661732.8754485124,2.0795200000000005,2.017209,102481795.0,72179120.0,87245470.0,65423215.0,-15236325.0,-6755905.0,-1.2688519008597037,-0.2768606781421197,25447.6,25600.0,-0.0059887769377073,0.9338701136051766,0.9194867586124068,-0.0143833549927698,-27382.902588312267,-165340.23711647908,-137957.3345281668,3.272711,2.7721560000000007,7761090.0,7247850.0,7493550.0,6890220.0,-267600.0,-357630.0,-1.0829403984700725,-0.2460622645941416,60729.1,60800.0,-0.0011674798408012,1,1,5,0,3,0,0,0.0,0,-0.0199743787233374,24.25,0.8
2026-02-20,0.7900451506227,0.914413793618476,0.1243686429957758,7808150.080558869,-4283746.834636401,-12091896.915195271,0.5136959999999995,1.8460300000000007,116753650.0,92240655.0,95743115.0,87548825.0,-19132555.0,-4381520.0,0.6271143511801127,-0.2091662422855257,25571.95,25600.0,-0.0010969050072442,0.8189352896246692,0.8139417291538459,-0.0049935604708233,740828.6534938887,442150.9701056726,-298677.6833882161,2.139114000000001,2.4136930000000003,8444550.0,6915540.0,7653570.0,6229560.0,-908730.0,-460680.0,0.6697026740429566,-0.0922707337646377,61176.35,61000.0,0.0028826499129156,1,0,4,0,4,0,0,0.0,0,-0.0092093094191096,18.25,0.6
2026-03-04,1.1363519094241568,1.7930882025778436,0.6567362931536869,751374.9013193956,-3413809.886850776,-4165184.788170172,2.2569540000000003,2.439703999999999,35020375.0,39795470.0,23081695.0,41387515.0,-9715745.0,1058070.0,0.7274217509348906,-0.4589330214107685,24465.95,24500.0,-0.0013917301392342,1.7572810803568166,1.8958023483096955,0.1385212679528786,-188321.3605352055,-403459.7898384495,-215138.429303244,1.1738649999999993,0.8860439999999983,2462890.0,4327990.0,1818755.0,3448000.0,-644135.0,-880140.0,0.046228320402127,-0.4236627112378816,58723.95,59000.0,-0.0047008077624206,1,1,6,0,2,0,1,0.0,0,-0.0514551856764195,-766.65,0.4
2026-03-06,0.8464402367690106,0.765762534701063,-0.0806777020679475,-1654750.73380717,162660.58445549943,1817411.3182626693,2.848057999999998,3.919702000000001,65173225.0,55165240.0,61439040.0,47047715.0,-3734250.0,-8117525.0,-0.2748754121607542,-0.0580601788660948,24529.25,24600.0,-0.0028843115871867,1.4166886085171335,1.5237761256838267,0.1070875171666931,-280551.40298291115,-266322.996202988,14228.406779923183,0.7643309999999985,0.8078620000000001,2525615.0,3578010.0,2530795.0,3856365.0,4700.0,279015.0,-0.8981180054527069,-0.1034123492082676,58008.45,58700.0,-0.0119215390171604,0,0,4,0,4,0,-1,0.0,0,-0.0527003475442584,145.2,0.6
2026-03-10,0.962492093179106,0.9450095052518253,-0.0174825879272808,3168732.9773020684,10949128.072342332,7780395.095040264,-2.765602000000001,-3.671369,190104850.0,182974415.0,177864830.0,168083955.0,-12240085.0,-14890460.0,0.1146831645114497,0.1523229246001583,24261.75,24250.0,0.0004843014209609,1.3026589690214214,1.289738503717858,-0.0129204653035632,-121667.56533726845,-30613.37651300456,91054.18882426388,0.3199980000000018,0.0634550000000011,1950380.0,2540680.0,1925840.0,2483830.0,-51690.0,-72570.0,0.4272568503250196,0.132669487688284,56946.1,57000.0,-0.0009465090673461,0,0,0,0,1,0,0,0.0,0,-0.0488773480890701,-332.15,0.5
2026-04-07,0.8184482286803906,0.8311476616329583,0.0126994329525677,19131048.48854631,30846047.758339748,11714999.269793436,-0.5734150000000007,-4.00193,193346530.0,158244125.0,196070160.0,162963255.0,2724085.0,4719390.0,1.1623616236162295,0.248821031239428,23085.9,23000.0,0.0037208859087149,0.9147181916146656,0.8854053614065552,-0.0293128302081103,12794.310763686888,73505.18208318375,60710.87131949687,2.0509229999999974,2.1616019999999985,2394180.0,2190000.0,2211360.0,1957950.0,-182130.0,-229800.0,0.797403730312294,0.400599326329758,52669.05,52500.0,0.0032096648790893,1,1,0,0,1,0,0,0.0,0,-0.1076869431124625,0.0,0.5
